,date_id,date,year,month,day,day_name,day_of_year,week_of_month,week_of_year,month_name,year_month,year_week
0,20200101,2020-01-01,2020,1,1,Wednesday,1,1,1,January,202001,202001
1,20200102,2020-01-02,2020,1,2,Thursday,2,1,1,January,202001,202001
2,20200103,2020-01-03,2020,1,3,Friday,3,1,1,January,202001,202001
3,20200104,2020-01-04,2020,1,4,Saturday,4,1,1,January,202001,202001
4,20200105,2020-01-05,2020,1,5,Sunday,5,2,2,January,202001,202002
5,20200106,2020-01-06,2020,1,6,Monday,6,2,2,January,202001,202002
6,20200107,2020-01-07,2020,1,7,Tuesday,7,2,2,January,202001,202002
7,20200108,2020-01-08,2020,1,8,Wednesday,8,2,2,January,202001,202002
8,20200109,2020-01-09,2020,1,9,Thursday,9,2,2,January,202001,202002
9,20200110,2020-01-10,2020,1,10,Friday,10,2,2,January,202001,202002
10,20200111,2020-01-11,2020,1,11,Saturday,11,2,2,January,202001,202002
11,20200112,2020-01-12,2020,1,12,Sunday,12,3,3,January,202001,202003
12,20200113,2020-01-13,2020,1,13,Monday,13,3,3,January,202001,202003
13,20200114,2020-01-14,2020,1,14,Tuesday,14,3,3,January,202001,202003
14,20200115,2020-01-15,2020,1,15,Wednesday,15,3,3,January,202001,202003
15,20200116,2020-01-16,2020,1,16,Thursday,16,3,3,January,202001,202003
16,20200117,2020-01-17,2020,1,17,Friday,17,3,3,January,202001,202003
17,20200118,2020-01-18,2020,1,18,Saturday,18,3,3,January,202001,202003
18,20200119,2020-01-19,2020,1,19,Sunday,19,4,4,January,202001,202004
19,20200120,2020-01-20,2020,1,20,Monday,20,4,4,January,202001,202004
20,20200121,2020-01-21,2020,1,21,Tuesday,21,4,4,January,202001,202004
21,20200122,2020-01-22,2020,1,22,Wednesday,22,4,4,January,202001,202004
22,20200123,2020-01-23,2020,1,23,Thursday,23,4,4,January,202001,202004
23,20200124,2020-01-24,2020,1,24,Friday,24,4,4,January,202001,202004
24,20200125,2020-01-25,2020,1,25,Saturday,25,4,4,January,202001,202004
25,20200126,2020-01-26,2020,1,26,Sunday,26,5,5,January,202001,202005
26,20200127,2020-01-27,2020,1,27,Monday,27,5,5,January,202001,202005
27,20200128,2020-01-28,2020,1,28,Tuesday,28,5,5,January,202001,202005
28,20200129,2020-01-29,2020,1,29,Wednesday,29,5,5,January,202001,202005
29,20200130,2020-01-30,2020,1,30,Thursday,30,5,5,January,202001,202005
30,20200131,2020-01-31,2020,1,31,Friday,31,5,5,January,202001,202005
31,20200201,2020-02-01,2020,2,1,Saturday,32,1,5,February,202002,202005
32,20200202,2020-02-02,2020,2,2,Sunday,33,2,6,February,202002,202006
33,20200203,2020-02-03,2020,2,3,Monday,34,2,6,February,202002,202006
34,20200204,2020-02-04,2020,2,4,Tuesday,35,2,6,February,202002,202006
35,20200205,2020-02-05,2020,2,5,Wednesday,36,2,6,February,202002,202006
36,20200206,2020-02-06,2020,2,6,Thursday,37,2,6,February,202002,202006
37,20200207,2020-02-07,2020,2,7,Friday,38,2,6,February,202002,202006
38,20200208,2020-02-08,2020,2,8,Saturday,39,2,6,February,202002,202006
39,20200209,2020-02-09,2020,2,9,Sunday,40,3,7,February,202002,202007
40,20200210,2020-02-10,2020,2,10,Monday,41,3,7,February,202002,202007
41,20200211,2020-02-11,2020,2,11,Tuesday,42,3,7,February,202002,202007
42,20200212,2020-02-12,2020,2,12,Wednesday,43,3,7,February,202002,202007
43,20200213,2020-02-13,2020,2,13,Thursday,44,3,7,February,202002,202007
44,20200214,2020-02-14,2020,2,14,Friday,45,3,7,February,202002,202007
45,20200215,2020-02-15,2020,2,15,Saturday,46,3,7,February,202002,202007
46,20200216,2020-02-16,2020,2,16,Sunday,47,4,8,February,202002,202008
47,20200217,2020-02-17,2020,2,17,Monday,48,4,8,February,202002,202008
48,20200218,2020-02-18,2020,2,18,Tuesday,49,4,8,February,202002,202008
49,20200219,2020-02-19,2020,2,19,Wednesday,50,4,8,February,202002,202008
50,20200220,2020-02-20,2020,2,20,Thursday,51,4,8,February,202002,202008
51,20200221,2020-02-21,2020,2,21,Friday,52,4,8,February,202002,202008
52,20200222,2020-02-22,2020,2,22,Saturday,53,4,8,February,202002,202008
53,20200223,2020-02-23,2020,2,23,Sunday,54,5,9,February,202002,202009
54,20200224,2020-02-24,2020,2,24,Monday,55,5,9,February,202002,202009
55,20200225,2020-02-25,2020,2,25,Tuesday,56,5,9,February,202002,202009
56,20200226,2020-02-26,2020,2,26,Wednesday,57,5,9,February,202002,202009
57,20200227,2020-02-27,2020,2,27,Thursday,58,5,9,February,202002,202009
58,20200228,2020-02-28,2020,2,28,Friday,59,5,9,February,202002,202009
59,20200229,2020-02-29,2020,2,29,Saturday,60,5,9,February,202002,202009
60,20200301,2020-03-01,2020,3,1,Sunday,61,1,10,March,202003,202010
61,20200302,2020-03-02,2020,3,2,Monday,62,1,10,March,202003,202010
62,20200303,2020-03-03,2020,3,3,Tuesday,63,1,10,March,202003,202010
63,20200304,2020-03-04,2020,3,4,Wednesday,64,1,10,March,202003,202010
64,20200305,2020-03-05,2020,3,5,Thursday,65,1,10,March,202003,202010
65,20200306,2020-03-06,2020,3,6,Friday,66,1,10,March,202003,202010
66,20200307,2020-03-07,2020,3,7,Saturday,67,1,10,March,202003,202010
67,20200308,2020-03-08,2020,3,8,Sunday,68,2,11,March,202003,202011
68,20200309,2020-03-09,2020,3,9,Monday,69,2,11,March,202003,202011
69,20200310,2020-03-10,2020,3,10,Tuesday,70,2,11,March,202003,202011
70,20200311,2020-03-11,2020,3,11,Wednesday,71,2,11,March,202003,202011
71,20200312,2020-03-12,2020,3,12,Thursday,72,2,11,March,202003,202011
72,20200313,2020-03-13,2020,3,13,Friday,73,2,11,March,202003,202011
73,20200314,2020-03-14,2020,3,14,Saturday,74,2,11,March,202003,202011
74,20200315,2020-03-15,2020,3,15,Sunday,75,3,12,March,202003,202012
75,20200316,2020-03-16,2020,3,16,Monday,76,3,12,March,202003,202012
76,20200317,2020-03-17,2020,3,17,Tuesday,77,3,12,March,202003,202012
77,20200318,2020-03-18,2020,3,18,Wednesday,78,3,12,March,202003,202012
78,20200319,2020-03-19,2020,3,19,Thursday,79,3,12,March,202003,202012
79,20200320,2020-03-20,2020,3,20,Friday,80,3,12,March,202003,202012
80,20200321,2020-03-21,2020,3,21,Saturday,81,3,12,March,202003,202012
81,20200322,2020-03-22,2020,3,22,Sunday,82,4,13,March,202003,202013
82,20200323,2020-03-23,2020,3,23,Monday,83,4,13,March,202003,202013
83,20200324,2020-03-24,2020,3,24,Tuesday,84,4,13,March,202003,202013
84,20200325,2020-03-25,2020,3,25,Wednesday,85,4,13,March,202003,202013
85,20200326,2020-03-26,2020,3,26,Thursday,86,4,13,March,202003,202013
86,20200327,2020-03-27,2020,3,27,Friday,87,4,13,March,202003,202013
87,20200328,2020-03-28,2020,3,28,Saturday,88,4,13,March,202003,202013
88,20200329,2020-03-29,2020,3,29,Sunday,89,5,14,March,202003,202014
89,20200330,2020-03-30,2020,3,30,Monday,90,5,14,March,202003,202014
90,20200331,2020-03-31,2020,3,31,Tuesday,91,5,14,March,202003,202014
91,20200401,2020-04-01,2020,4,1,Wednesday,92,1,14,April,202004,202014
92,20200402,2020-04-02,2020,4,2,Thursday,93,1,14,April,202004,202014
93,20200403,2020-04-03,2020,4,3,Friday,94,1,14,April,202004,202014
94,20200404,2020-04-04,2020,4,4,Saturday,95,1,14,April,202004,202014
95,20200405,2020-04-05,2020,4,5,Sunday,96,2,15,April,202004,202015
96,20200406,2020-04-06,2020,4,6,Monday,97,2,15,April,202004,202015
97,20200407,2020-04-07,2020,4,7,Tuesday,98,2,15,April,202004,202015
98,20200408,2020-04-08,2020,4,8,Wednesday,99,2,15,April,202004,202015
99,20200409,2020-04-09,2020,4,9,Thursday,100,2,15,April,202004,202015
100,20200410,2020-04-10,2020,4,10,Friday,101,2,15,April,202004,202015
101,20200411,2020-04-11,2020,4,11,Saturday,102,2,15,April,202004,202015
102,20200412,2020-04-12,2020,4,12,Sunday,103,3,16,April,202004,202016
103,20200413,2020-04-13,2020,4,13,Monday,104,3,16,April,202004,202016
104,20200414,2020-04-14,2020,4,14,Tuesday,105,3,16,April,202004,202016
105,20200415,2020-04-15,2020,4,15,Wednesday,106,3,16,April,202004,202016
106,20200416,2020-04-16,2020,4,16,Thursday,107,3,16,April,202004,202016
107,20200417,2020-04-17,2020,4,17,Friday,108,3,16,April,202004,202016
108,20200418,2020-04-18,2020,4,18,Saturday,109,3,16,April,202004,202016
109,20200419,2020-04-19,2020,4,19,Sunday,110,4,17,April,202004,202017
110,20200420,2020-04-20,2020,4,20,Monday,111,4,17,April,202004,202017
111,20200421,2020-04-21,2020,4,21,Tuesday,112,4,17,April,202004,202017
112,20200422,2020-04-22,2020,4,22,Wednesday,113,4,17,April,202004,202017
113,20200423,2020-04-23,2020,4,23,Thursday,114,4,17,April,202004,202017
114,20200424,2020-04-24,2020,4,24,Friday,115,4,17,April,202004,202017
115,20200425,2020-04-25,2020,4,25,Saturday,116,4,17,April,202004,202017
116,20200426,2020-04-26,2020,4,26,Sunday,117,5,18,April,202004,202018
117,20200427,2020-04-27,2020,4,27,Monday,118,5,18,April,202004,202018
118,20200428,2020-04-28,2020,4,28,Tuesday,119,5,18,April,202004,202018
119,20200429,2020-04-29,2020,4,29,Wednesday,120,5,18,April,202004,202018
120,20200430,2020-04-30,2020,4,30,Thursday,121,5,18,April,202004,202018
121,20200501,2020-05-01,2020,5,1,Friday,122,1,18,May,202005,202018
122,20200502,2020-05-02,2020,5,2,Saturday,123,1,18,May,202005,202018
123,20200503,2020-05-03,2020,5,3,Sunday,124,2,19,May,202005,202019
124,20200504,2020-05-04,2020,5,4,Monday,125,2,19,May,202005,202019
125,20200505,2020-05-05,2020,5,5,Tuesday,126,2,19,May,202005,202019
126,20200506,2020-05-06,2020,5,6,Wednesday,127,2,19,May,202005,202019
127,20200507,2020-05-07,2020,5,7,Thursday,128,2,19,May,202005,202019
128,20200508,2020-05-08,2020,5,8,Friday,129,2,19,May,202005,202019
129,20200509,2020-05-09,2020,5,9,Saturday,130,2,19,May,202005,202019
130,20200510,2020-05-10,2020,5,10,Sunday,131,3,20,May,202005,202020
131,20200511,2020-05-11,2020,5,11,Monday,132,3,20,May,202005,202020
132,20200512,2020-05-12,2020,5,12,Tuesday,133,3,20,May,202005,202020
133,20200513,2020-05-13,2020,5,13,Wednesday,134,3,20,May,202005,202020
134,20200514,2020-05-14,2020,5,14,Thursday,135,3,20,May,202005,202020
135,20200515,2020-05-15,2020,5,15,Friday,136,3,20,May,202005,202020
136,20200516,2020-05-16,2020,5,16,Saturday,137,3,20,May,202005,202020
137,20200517,2020-05-17,2020,5,17,Sunday,138,4,21,May,202005,202021
138,20200518,2020-05-18,2020,5,18,Monday,139,4,21,May,202005,202021
139,20200519,2020-05-19,2020,5,19,Tuesday,140,4,21,May,202005,202021
140,20200520,2020-05-20,2020,5,20,Wednesday,141,4,21,May,202005,202021
141,20200521,2020-05-21,2020,5,21,Thursday,142,4,21,May,202005,202021
142,20200522,2020-05-22,2020,5,22,Friday,143,4,21,May,202005,202021
143,20200523,2020-05-23,2020,5,23,Saturday,144,4,21,May,202005,202021
144,20200524,2020-05-24,2020,5,24,Sunday,145,5,22,May,202005,202022
145,20200525,2020-05-25,2020,5,25,Monday,146,5,22,May,202005,202022
146,20200526,2020-05-26,2020,5,26,Tuesday,147,5,22,May,202005,202022
147,20200527,2020-05-27,2020,5,27,Wednesday,148,5,22,May,202005,202022
148,20200528,2020-05-28,2020,5,28,Thursday,149,5,22,May,202005,202022
149,20200529,2020-05-29,2020,5,29,Friday,150,5,22,May,202005,202022
150,20200530,2020-05-30,2020,5,30,Saturday,151,5,22,May,202005,202022
151,20200531,2020-05-31,2020,5,31,Sunday,152,6,23,May,202005,202023
152,20200601,2020-06-01,2020,6,1,Monday,153,1,23,June,202006,202023
153,20200602,2020-06-02,2020,6,2,Tuesday,154,1,23,June,202006,202023
154,20200603,2020-06-03,2020,6,3,Wednesday,155,1,23,June,202006,202023
155,20200604,2020-06-04,2020,6,4,Thursday,156,1,23,June,202006,202023
156,20200605,2020-06-05,2020,6,5,Friday,157,1,23,June,202006,202023
157,20200606,2020-06-06,2020,6,6,Saturday,158,1,23,June,202006,202023
158,20200607,2020-06-07,2020,6,7,Sunday,159,2,24,June,202006,202024
159,20200608,2020-06-08,2020,6,8,Monday,160,2,24,June,202006,202024
160,20200609,2020-06-09,2020,6,9,Tuesday,161,2,24,June,202006,202024
161,20200610,2020-06-10,2020,6,10,Wednesday,162,2,24,June,202006,202024
162,20200611,2020-06-11,2020,6,11,Thursday,163,2,24,June,202006,202024
163,20200612,2020-06-12,2020,6,12,Friday,164,2,24,June,202006,202024
164,20200613,2020-06-13,2020,6,13,Saturday,165,2,24,June,202006,202024
165,20200614,2020-06-14,2020,6,14,Sunday,166,3,25,June,202006,202025
166,20200615,2020-06-15,2020,6,15,Monday,167,3,25,June,202006,202025
167,20200616,2020-06-16,2020,6,16,Tuesday,168,3,25,June,202006,202025
168,20200617,2020-06-17,2020,6,17,Wednesday,169,3,25,June,202006,202025
169,20200618,2020-06-18,2020,6,18,Thursday,170,3,25,June,202006,202025
170,20200619,2020-06-19,2020,6,19,Friday,171,3,25,June,202006,202025
171,20200620,2020-06-20,2020,6,20,Saturday,172,3,25,June,202006,202025
172,20200621,2020-06-21,2020,6,21,Sunday,173,4,26,June,202006,202026
173,20200622,2020-06-22,2020,6,22,Monday,174,4,26,June,202006,202026
174,20200623,2020-06-23,2020,6,23,Tuesday,175,4,26,June,202006,202026
175,20200624,2020-06-24,2020,6,24,Wednesday,176,4,26,June,202006,202026
176,20200625,2020-06-25,2020,6,25,Thursday,177,4,26,June,202006,202026
177,20200626,2020-06-26,2020,6,26,Friday,178,4,26,June,202006,202026
178,20200627,2020-06-27,2020,6,27,Saturday,179,4,26,June,202006,202026
179,20200628,2020-06-28,2020,6,28,Sunday,180,5,27,June,202006,202027
180,20200629,2020-06-29,2020,6,29,Monday,181,5,27,June,202006,202027
181,20200630,2020-06-30,2020,6,30,Tuesday,182,5,27,June,202006,202027
182,20200701,2020-07-01,2020,7,1,Wednesday,183,1,27,July,202007,202027
183,20200702,2020-07-02,2020,7,2,Thursday,184,1,27,July,202007,202027
184,20200703,2020-07-03,2020,7,3,Friday,185,1,27,July,202007,202027
185,20200704,2020-07-04,2020,7,4,Saturday,186,1,27,July,202007,202027
186,20200705,2020-07-05,2020,7,5,Sunday,187,2,28,July,202007,202028
187,20200706,2020-07-06,2020,7,6,Monday,188,2,28,July,202007,202028
188,20200707,2020-07-07,2020,7,7,Tuesday,189,2,28,July,202007,202028
189,20200708,2020-07-08,2020,7,8,Wednesday,190,2,28,July,202007,202028
190,20200709,2020-07-09,2020,7,9,Thursday,191,2,28,July,202007,202028
191,20200710,2020-07-10,2020,7,10,Friday,192,2,28,July,202007,202028
192,20200711,2020-07-11,2020,7,11,Saturday,193,2,28,July,202007,202028
193,20200712,2020-07-12,2020,7,12,Sunday,194,3,29,July,202007,202029
194,20200713,2020-07-13,2020,7,13,Monday,195,3,29,July,202007,202029
195,20200714,2020-07-14,2020,7,14,Tuesday,196,3,29,July,202007,202029
196,20200715,2020-07-15,2020,7,15,Wednesday,197,3,29,July,202007,202029
197,20200716,2020-07-16,2020,7,16,Thursday,198,3,29,July,202007,202029
198,20200717,2020-07-17,2020,7,17,Friday,199,3,29,July,202007,202029
199,20200718,2020-07-18,2020,7,18,Saturday,200,3,29,July,202007,202029
200,20200719,2020-07-19,2020,7,19,Sunday,201,4,30,July,202007,202030
201,20200720,2020-07-20,2020,7,20,Monday,202,4,30,July,202007,202030
202,20200721,2020-07-21,2020,7,21,Tuesday,203,4,30,July,202007,202030
203,20200722,2020-07-22,2020,7,22,Wednesday,204,4,30,July,202007,202030
204,20200723,2020-07-23,2020,7,23,Thursday,205,4,30,July,202007,202030
205,20200724,2020-07-24,2020,7,24,Friday,206,4,30,July,202007,202030
206,20200725,2020-07-25,2020,7,25,Saturday,207,4,30,July,202007,202030
207,20200726,2020-07-26,2020,7,26,Sunday,208,5,31,July,202007,202031
208,20200727,2020-07-27,2020,7,27,Monday,209,5,31,July,202007,202031
209,20200728,2020-07-28,2020,7,28,Tuesday,210,5,31,July,202007,202031
210,20200729,2020-07-29,2020,7,29,Wednesday,211,5,31,July,202007,202031
211,20200730,2020-07-30,2020,7,30,Thursday,212,5,31,July,202007,202031
212,20200731,2020-07-31,2020,7,31,Friday,213,5,31,July,202007,202031
213,20200801,2020-08-01,2020,8,1,Saturday,214,1,31,August,202008,202031
214,20200802,2020-08-02,2020,8,2,Sunday,215,2,32,August,202008,202032
215,20200803,2020-08-03,2020,8,3,Monday,216,2,32,August,202008,202032
216,20200804,2020-08-04,2020,8,4,Tuesday,217,2,32,August,202008,202032
217,20200805,2020-08-05,2020,8,5,Wednesday,218,2,32,August,202008,202032
218,20200806,2020-08-06,2020,8,6,Thursday,219,2,32,August,202008,202032
219,20200807,2020-08-07,2020,8,7,Friday,220,2,32,August,202008,202032
220,20200808,2020-08-08,2020,8,8,Saturday,221,2,32,August,202008,202032
221,20200809,2020-08-09,2020,8,9,Sunday,222,3,33,August,202008,202033
222,20200810,2020-08-10,2020,8,10,Monday,223,3,33,August,202008,202033
223,20200811,2020-08-11,2020,8,11,Tuesday,224,3,33,August,202008,202033
224,20200812,2020-08-12,2020,8,12,Wednesday,225,3,33,August,202008,202033
225,20200813,2020-08-13,2020,8,13,Thursday,226,3,33,August,202008,202033
226,20200814,2020-08-14,2020,8,14,Friday,227,3,33,August,202008,202033
227,20200815,2020-08-15,2020,8,15,Saturday,228,3,33,August,202008,202033
228,20200816,2020-08-16,2020,8,16,Sunday,229,4,34,August,202008,202034
229,20200817,2020-08-17,2020,8,17,Monday,230,4,34,August,202008,202034
230,20200818,2020-08-18,2020,8,18,Tuesday,231,4,34,August,202008,202034
231,20200819,2020-08-19,2020,8,19,Wednesday,232,4,34,August,202008,202034
232,20200820,2020-08-20,2020,8,20,Thursday,233,4,34,August,202008,202034
233,20200821,2020-08-21,2020,8,21,Friday,234,4,34,August,202008,202034
234,20200822,2020-08-22,2020,8,22,Saturday,235,4,34,August,202008,202034
235,20200823,2020-08-23,2020,8,23,Sunday,236,5,35,August,202008,202035
236,20200824,2020-08-24,2020,8,24,Monday,237,5,35,August,202008,202035
237,20200825,2020-08-25,2020,8,25,Tuesday,238,5,35,August,202008,202035
238,20200826,2020-08-26,2020,8,26,Wednesday,239,5,35,August,202008,202035
239,20200827,2020-08-27,2020,8,27,Thursday,240,5,35,August,202008,202035
240,20200828,2020-08-28,2020,8,28,Friday,241,5,35,August,202008,202035
241,20200829,2020-08-29,2020,8,29,Saturday,242,5,35,August,202008,202035
242,20200830,2020-08-30,2020,8,30,Sunday,243,6,36,August,202008,202036
243,20200831,2020-08-31,2020,8,31,Monday,244,6,36,August,202008,202036
244,20200901,2020-09-01,2020,9,1,Tuesday,245,1,36,September,202009,202036
245,20200902,2020-09-02,2020,9,2,Wednesday,246,1,36,September,202009,202036
246,20200903,2020-09-03,2020,9,3,Thursday,247,1,36,September,202009,202036
247,20200904,2020-09-04,2020,9,4,Friday,248,1,36,September,202009,202036
248,20200905,2020-09-05,2020,9,5,Saturday,249,1,36,September,202009,202036
249,20200906,2020-09-06,2020,9,6,Sunday,250,2,37,September,202009,202037
250,20200907,2020-09-07,2020,9,7,Monday,251,2,37,September,202009,202037
251,20200908,2020-09-08,2020,9,8,Tuesday,252,2,37,September,202009,202037
252,20200909,2020-09-09,2020,9,9,Wednesday,253,2,37,September,202009,202037
253,20200910,2020-09-10,2020,9,10,Thursday,254,2,37,September,202009,202037
254,20200911,2020-09-11,2020,9,11,Friday,255,2,37,September,202009,202037
255,20200912,2020-09-12,2020,9,12,Saturday,256,2,37,September,202009,202037
256,20200913,2020-09-13,2020,9,13,Sunday,257,3,38,September,202009,202038
257,20200914,2020-09-14,2020,9,14,Monday,258,3,38,September,202009,202038
258,20200915,2020-09-15,2020,9,15,Tuesday,259,3,38,September,202009,202038
259,20200916,2020-09-16,2020,9,16,Wednesday,260,3,38,September,202009,202038
260,20200917,2020-09-17,2020,9,17,Thursday,261,3,38,September,202009,202038
261,20200918,2020-09-18,2020,9,18,Friday,262,3,38,September,202009,202038
262,20200919,2020-09-19,2020,9,19,Saturday,263,3,38,September,202009,202038
263,20200920,2020-09-20,2020,9,20,Sunday,264,4,39,September,202009,202039
264,20200921,2020-09-21,2020,9,21,Monday,265,4,39,September,202009,202039
265,20200922,2020-09-22,2020,9,22,Tuesday,266,4,39,September,202009,202039
266,20200923,2020-09-23,2020,9,23,Wednesday,267,4,39,September,202009,202039
267,20200924,2020-09-24,2020,9,24,Thursday,268,4,39,September,202009,202039
268,20200925,2020-09-25,2020,9,25,Friday,269,4,39,September,202009,202039
269,20200926,2020-09-26,2020,9,26,Saturday,270,4,39,September,202009,202039
270,20200927,2020-09-27,2020,9,27,Sunday,271,5,40,September,202009,202040
271,20200928,2020-09-28,2020,9,28,Monday,272,5,40,September,202009,202040
272,20200929,2020-09-29,2020,9,29,Tuesday,273,5,40,September,202009,202040
273,20200930,2020-09-30,2020,9,30,Wednesday,274,5,40,September,202009,202040
274,20201001,2020-10-01,2020,10,1,Thursday,275,1,40,October,202010,202040
275,20201002,2020-10-02,2020,10,2,Friday,276,1,40,October,202010,202040
276,20201003,2020-10-03,2020,10,3,Saturday,277,1,40,October,202010,202040
277,20201004,2020-10-04,2020,10,4,Sunday,278,2,41,October,202010,202041
278,20201005,2020-10-05,2020,10,5,Monday,279,2,41,October,202010,202041
279,20201006,2020-10-06,2020,10,6,Tuesday,280,2,41,October,202010,202041
280,20201007,2020-10-07,2020,10,7,Wednesday,281,2,41,October,202010,202041
281,20201008,2020-10-08,2020,10,8,Thursday,282,2,41,October,202010,202041
282,20201009,2020-10-09,2020,10,9,Friday,283,2,41,October,202010,202041
283,20201010,2020-10-10,2020,10,10,Saturday,284,2,41,October,202010,202041
284,20201011,2020-10-11,2020,10,11,Sunday,285,3,42,October,202010,202042
285,20201012,2020-10-12,2020,10,12,Monday,286,3,42,October,202010,202042
286,20201013,2020-10-13,2020,10,13,Tuesday,287,3,42,October,202010,202042
287,20201014,2020-10-14,2020,10,14,Wednesday,288,3,42,October,202010,202042
288,20201015,2020-10-15,2020,10,15,Thursday,289,3,42,October,202010,202042
289,20201016,2020-10-16,2020,10,16,Friday,290,3,42,October,202010,202042
290,20201017,2020-10-17,2020,10,17,Saturday,291,3,42,October,202010,202042
291,20201018,2020-10-18,2020,10,18,Sunday,292,4,43,October,202010,202043
292,20201019,2020-10-19,2020,10,19,Monday,293,4,43,October,202010,202043
293,20201020,2020-10-20,2020,10,20,Tuesday,294,4,43,October,202010,202043
294,20201021,2020-10-21,2020,10,21,Wednesday,295,4,43,October,202010,202043
295,20201022,2020-10-22,2020,10,22,Thursday,296,4,43,October,202010,202043
296,20201023,2020-10-23,2020,10,23,Friday,297,4,43,October,202010,202043
297,20201024,2020-10-24,2020,10,24,Saturday,298,4,43,October,202010,202043
298,20201025,2020-10-25,2020,10,25,Sunday,299,5,44,October,202010,202044
299,20201026,2020-10-26,2020,10,26,Monday,300,5,44,October,202010,202044
300,20201027,2020-10-27,2020,10,27,Tuesday,301,5,44,October,202010,202044
301,20201028,2020-10-28,2020,10,28,Wednesday,302,5,44,October,202010,202044
302,20201029,2020-10-29,2020,10,29,Thursday,303,5,44,October,202010,202044
303,20201030,2020-10-30,2020,10,30,Friday,304,5,44,October,202010,202044
304,20201031,2020-10-31,2020,10,31,Saturday,305,5,44,October,202010,202044
305,20201101,2020-11-01,2020,11,1,Sunday,306,1,45,November,202011,202045
306,20201102,2020-11-02,2020,11,2,Monday,307,1,45,November,202011,202045
307,20201103,2020-11-03,2020,11,3,Tuesday,308,1,45,November,202011,202045
308,20201104,2020-11-04,2020,11,4,Wednesday,309,1,45,November,202011,202045
309,20201105,2020-11-05,2020,11,5,Thursday,310,1,45,November,202011,202045
310,20201106,2020-11-06,2020,11,6,Friday,311,1,45,November,202011,202045
311,20201107,2020-11-07,2020,11,7,Saturday,312,1,45,November,202011,202045
312,20201108,2020-11-08,2020,11,8,Sunday,313,2,46,November,202011,202046
313,20201109,2020-11-09,2020,11,9,Monday,314,2,46,November,202011,202046
314,20201110,2020-11-10,2020,11,10,Tuesday,315,2,46,November,202011,202046
315,20201111,2020-11-11,2020,11,11,Wednesday,316,2,46,November,202011,202046
316,20201112,2020-11-12,2020,11,12,Thursday,317,2,46,November,202011,202046
317,20201113,2020-11-13,2020,11,13,Friday,318,2,46,November,202011,202046
318,20201114,2020-11-14,2020,11,14,Saturday,319,2,46,November,202011,202046
319,20201115,2020-11-15,2020,11,15,Sunday,320,3,47,November,202011,202047
320,20201116,2020-11-16,2020,11,16,Monday,321,3,47,November,202011,202047
321,20201117,2020-11-17,2020,11,17,Tuesday,322,3,47,November,202011,202047
322,20201118,2020-11-18,2020,11,18,Wednesday,323,3,47,November,202011,202047
323,20201119,2020-11-19,2020,11,19,Thursday,324,3,47,November,202011,202047
324,20201120,2020-11-20,2020,11,20,Friday,325,3,47,November,202011,202047
325,20201121,2020-11-21,2020,11,21,Saturday,326,3,47,November,202011,202047
326,20201122,2020-11-22,2020,11,22,Sunday,327,4,48,November,202011,202048
327,20201123,2020-11-23,2020,11,23,Monday,328,4,48,November,202011,202048
328,20201124,2020-11-24,2020,11,24,Tuesday,329,4,48,November,202011,202048
329,20201125,2020-11-25,2020,11,25,Wednesday,330,4,48,November,202011,202048
330,20201126,2020-11-26,2020,11,26,Thursday,331,4,48,November,202011,202048
331,20201127,2020-11-27,2020,11,27,Friday,332,4,48,November,202011,202048
332,20201128,2020-11-28,2020,11,28,Saturday,333,4,48,November,202011,202048
333,20201129,2020-11-29,2020,11,29,Sunday,334,5,49,November,202011,202049
334,20201130,2020-11-30,2020,11,30,Monday,335,5,49,November,202011,202049
335,20201201,2020-12-01,2020,12,1,Tuesday,336,1,49,December,202012,202049
336,20201202,2020-12-02,2020,12,2,Wednesday,337,1,49,December,202012,202049
337,20201203,2020-12-03,2020,12,3,Thursday,338,1,49,December,202012,202049
338,20201204,2020-12-04,2020,12,4,Friday,339,1,49,December,202012,202049
339,20201205,2020-12-05,2020,12,5,Saturday,340,1,49,December,202012,202049
340,20201206,2020-12-06,2020,12,6,Sunday,341,2,50,December,202012,202050
341,20201207,2020-12-07,2020,12,7,Monday,342,2,50,December,202012,202050
342,20201208,2020-12-08,2020,12,8,Tuesday,343,2,50,December,202012,202050
343,20201209,2020-12-09,2020,12,9,Wednesday,344,2,50,December,202012,202050
344,20201210,2020-12-10,2020,12,10,Thursday,345,2,50,December,202012,202050
345,20201211,2020-12-11,2020,12,11,Friday,346,2,50,December,202012,202050
346,20201212,2020-12-12,2020,12,12,Saturday,347,2,50,December,202012,202050
347,20201213,2020-12-13,2020,12,13,Sunday,348,3,51,December,202012,202051
348,20201214,2020-12-14,2020,12,14,Monday,349,3,51,December,202012,202051
349,20201215,2020-12-15,2020,12,15,Tuesday,350,3,51,December,202012,202051
350,20201216,2020-12-16,2020,12,16,Wednesday,351,3,51,December,202012,202051
351,20201217,2020-12-17,2020,12,17,Thursday,352,3,51,December,202012,202051
352,20201218,2020-12-18,2020,12,18,Friday,353,3,51,December,202012,202051
353,20201219,2020-12-19,2020,12,19,Saturday,354,3,51,December,202012,202051
354,20201220,2020-12-20,2020,12,20,Sunday,355,4,52,December,202012,202052
355,20201221,2020-12-21,2020,12,21,Monday,356,4,52,December,202012,202052
356,20201222,2020-12-22,2020,12,22,Tuesday,357,4,52,December,202012,202052
357,20201223,2020-12-23,2020,12,23,Wednesday,358,4,52,December,202012,202052
358,20201224,2020-12-24,2020,12,24,Thursday,359,4,52,December,202012,202052
359,20201225,2020-12-25,2020,12,25,Friday,360,4,52,December,202012,202052
360,20201226,2020-12-26,2020,12,26,Saturday,361,4,52,December,202012,202052
361,20201227,2020-12-27,2020,12,27,Sunday,362,5,53,December,202012,202053
362,20201228,2020-12-28,2020,12,28,Monday,363,5,53,December,202012,202053
363,20201229,2020-12-29,2020,12,29,Tuesday,364,5,53,December,202012,202053
364,20201230,2020-12-30,2020,12,30,Wednesday,365,5,53,December,202012,202053
365,20201231,2020-12-31,2020,12,31,Thursday,366,5,53,December,202012,202053
366,20210101,2021-01-01,2021,1,1,Friday,1,1,1,January,202101,202101
367,20210102,2021-01-02,2021,1,2,Saturday,2,1,1,January,202101,202101
368,20210103,2021-01-03,2021,1,3,Sunday,3,2,2,January,202101,202102
369,20210104,2021-01-04,2021,1,4,Monday,4,2,2,January,202101,202102
370,20210105,2021-01-05,2021,1,5,Tuesday,5,2,2,January,202101,202102
371,20210106,2021-01-06,2021,1,6,Wednesday,6,2,2,January,202101,202102
372,20210107,2021-01-07,2021,1,7,Thursday,7,2,2,January,202101,202102
373,20210108,2021-01-08,2021,1,8,Friday,8,2,2,January,202101,202102
374,20210109,2021-01-09,2021,1,9,Saturday,9,2,2,January,202101,202102
375,20210110,2021-01-10,2021,1,10,Sunday,10,3,3,January,202101,202103
376,20210111,2021-01-11,2021,1,11,Monday,11,3,3,January,202101,202103
377,20210112,2021-01-12,2021,1,12,Tuesday,12,3,3,January,202101,202103
378,20210113,2021-01-13,2021,1,13,Wednesday,13,3,3,January,202101,202103
379,20210114,2021-01-14,2021,1,14,Thursday,14,3,3,January,202101,202103
380,20210115,2021-01-15,2021,1,15,Friday,15,3,3,January,202101,202103
381,20210116,2021-01-16,2021,1,16,Saturday,16,3,3,January,202101,202103
382,20210117,2021-01-17,2021,1,17,Sunday,17,4,4,January,202101,202104
383,20210118,2021-01-18,2021,1,18,Monday,18,4,4,January,202101,202104
384,20210119,2021-01-19,2021,1,19,Tuesday,19,4,4,January,202101,202104
385,20210120,2021-01-20,2021,1,20,Wednesday,20,4,4,January,202101,202104
386,20210121,2021-01-21,2021,1,21,Thursday,21,4,4,January,202101,202104
387,20210122,2021-01-22,2021,1,22,Friday,22,4,4,January,202101,202104
388,20210123,2021-01-23,2021,1,23,Saturday,23,4,4,January,202101,202104
389,20210124,2021-01-24,2021,1,24,Sunday,24,5,5,January,202101,202105
390,20210125,2021-01-25,2021,1,25,Monday,25,5,5,January,202101,202105
391,20210126,2021-01-26,2021,1,26,Tuesday,26,5,5,January,202101,202105
392,20210127,2021-01-27,2021,1,27,Wednesday,27,5,5,January,202101,202105
393,20210128,2021-01-28,2021,1,28,Thursday,28,5,5,January,202101,202105
394,20210129,2021-01-29,2021,1,29,Friday,29,5,5,January,202101,202105
395,20210130,2021-01-30,2021,1,30,Saturday,30,5,5,January,202101,202105
396,20210131,2021-01-31,2021,1,31,Sunday,31,6,6,January,202101,202106
397,20210201,2021-02-01,2021,2,1,Monday,32,1,6,February,202102,202106
398,20210202,2021-02-02,2021,2,2,Tuesday,33,1,6,February,202102,202106
399,20210203,2021-02-03,2021,2,3,Wednesday,34,1,6,February,202102,202106
400,20210204,2021-02-04,2021,2,4,Thursday,35,1,6,February,202102,202106
401,20210205,2021-02-05,2021,2,5,Friday,36,1,6,February,202102,202106
402,20210206,2021-02-06,2021,2,6,Saturday,37,1,6,February,202102,202106
403,20210207,2021-02-07,2021,2,7,Sunday,38,2,7,February,202102,202107
404,20210208,2021-02-08,2021,2,8,Monday,39,2,7,February,202102,202107
405,20210209,2021-02-09,2021,2,9,Tuesday,40,2,7,February,202102,202107
406,20210210,2021-02-10,2021,2,10,Wednesday,41,2,7,February,202102,202107
407,20210211,2021-02-11,2021,2,11,Thursday,42,2,7,February,202102,202107
408,20210212,2021-02-12,2021,2,12,Friday,43,2,7,February,202102,202107
409,20210213,2021-02-13,2021,2,13,Saturday,44,2,7,February,202102,202107
410,20210214,2021-02-14,2021,2,14,Sunday,45,3,8,February,202102,202108
411,20210215,2021-02-15,2021,2,15,Monday,46,3,8,February,202102,202108
412,20210216,2021-02-16,2021,2,16,Tuesday,47,3,8,February,202102,202108
413,20210217,2021-02-17,2021,2,17,Wednesday,48,3,8,February,202102,202108
414,20210218,2021-02-18,2021,2,18,Thursday,49,3,8,February,202102,202108
415,20210219,2021-02-19,2021,2,19,Friday,50,3,8,February,202102,202108
416,20210220,2021-02-20,2021,2,20,Saturday,51,3,8,February,202102,202108
417,20210221,2021-02-21,2021,2,21,Sunday,52,4,9,February,202102,202109
418,20210222,2021-02-22,2021,2,22,Monday,53,4,9,February,202102,202109
419,20210223,2021-02-23,2021,2,23,Tuesday,54,4,9,February,202102,202109
420,20210224,2021-02-24,2021,2,24,Wednesday,55,4,9,February,202102,202109
421,20210225,2021-02-25,2021,2,25,Thursday,56,4,9,February,202102,202109
422,20210226,2021-02-26,2021,2,26,Friday,57,4,9,February,202102,202109
423,20210227,2021-02-27,2021,2,27,Saturday,58,4,9,February,202102,202109
424,20210228,2021-02-28,2021,2,28,Sunday,59,5,10,February,202102,202110
425,20210301,2021-03-01,2021,3,1,Monday,60,1,10,March,202103,202110
426,20210302,2021-03-02,2021,3,2,Tuesday,61,1,10,March,202103,202110
427,20210303,2021-03-03,2021,3,3,Wednesday,62,1,10,March,202103,202110
428,20210304,2021-03-04,2021,3,4,Thursday,63,1,10,March,202103,202110
429,20210305,2021-03-05,2021,3,5,Friday,64,1,10,March,202103,202110
430,20210306,2021-03-06,2021,3,6,Saturday,65,1,10,March,202103,202110
431,20210307,2021-03-07,2021,3,7,Sunday,66,2,11,March,202103,202111
432,20210308,2021-03-08,2021,3,8,Monday,67,2,11,March,202103,202111
433,20210309,2021-03-09,2021,3,9,Tuesday,68,2,11,March,202103,202111
434,20210310,2021-03-10,2021,3,10,Wednesday,69,2,11,March,202103,202111
435,20210311,2021-03-11,2021,3,11,Thursday,70,2,11,March,202103,202111
436,20210312,2021-03-12,2021,3,12,Friday,71,2,11,March,202103,202111
437,20210313,2021-03-13,2021,3,13,Saturday,72,2,11,March,202103,202111
438,20210314,2021-03-14,2021,3,14,Sunday,73,3,12,March,202103,202112
439,20210315,2021-03-15,2021,3,15,Monday,74,3,12,March,202103,202112
440,20210316,2021-03-16,2021,3,16,Tuesday,75,3,12,March,202103,202112
441,20210317,2021-03-17,2021,3,17,Wednesday,76,3,12,March,202103,202112
442,20210318,2021-03-18,2021,3,18,Thursday,77,3,12,March,202103,202112
443,20210319,2021-03-19,2021,3,19,Friday,78,3,12,March,202103,202112
444,20210320,2021-03-20,2021,3,20,Saturday,79,3,12,March,202103,202112
445,20210321,2021-03-21,2021,3,21,Sunday,80,4,13,March,202103,202113
446,20210322,2021-03-22,2021,3,22,Monday,81,4,13,March,202103,202113
447,20210323,2021-03-23,2021,3,23,Tuesday,82,4,13,March,202103,202113
448,20210324,2021-03-24,2021,3,24,Wednesday,83,4,13,March,202103,202113
449,20210325,2021-03-25,2021,3,25,Thursday,84,4,13,March,202103,202113
450,20210326,2021-03-26,2021,3,26,Friday,85,4,13,March,202103,202113
451,20210327,2021-03-27,2021,3,27,Saturday,86,4,13,March,202103,202113
452,20210328,2021-03-28,2021,3,28,Sunday,87,5,14,March,202103,202114
453,20210329,2021-03-29,2021,3,29,Monday,88,5,14,March,202103,202114
454,20210330,2021-03-30,2021,3,30,Tuesday,89,5,14,March,202103,202114
455,20210331,2021-03-31,2021,3,31,Wednesday,90,5,14,March,202103,202114
456,20210401,2021-04-01,2021,4,1,Thursday,91,1,14,April,202104,202114
457,20210402,2021-04-02,2021,4,2,Friday,92,1,14,April,202104,202114
458,20210403,2021-04-03,2021,4,3,Saturday,93,1,14,April,202104,202114
459,20210404,2021-04-04,2021,4,4,Sunday,94,2,15,April,202104,202115
460,20210405,2021-04-05,2021,4,5,Monday,95,2,15,April,202104,202115
461,20210406,2021-04-06,2021,4,6,Tuesday,96,2,15,April,202104,202115
462,20210407,2021-04-07,2021,4,7,Wednesday,97,2,15,April,202104,202115
463,20210408,2021-04-08,2021,4,8,Thursday,98,2,15,April,202104,202115
464,20210409,2021-04-09,2021,4,9,Friday,99,2,15,April,202104,202115
465,20210410,2021-04-10,2021,4,10,Saturday,100,2,15,April,202104,202115
466,20210411,2021-04-11,2021,4,11,Sunday,101,3,16,April,202104,202116
467,20210412,2021-04-12,2021,4,12,Monday,102,3,16,April,202104,202116
468,20210413,2021-04-13,2021,4,13,Tuesday,103,3,16,April,202104,202116
469,20210414,2021-04-14,2021,4,14,Wednesday,104,3,16,April,202104,202116
470,20210415,2021-04-15,2021,4,15,Thursday,105,3,16,April,202104,202116
471,20210416,2021-04-16,2021,4,16,Friday,106,3,16,April,202104,202116
472,20210417,2021-04-17,2021,4,17,Saturday,107,3,16,April,202104,202116
473,20210418,2021-04-18,2021,4,18,Sunday,108,4,17,April,202104,202117
474,20210419,2021-04-19,2021,4,19,Monday,109,4,17,April,202104,202117
475,20210420,2021-04-20,2021,4,20,Tuesday,110,4,17,April,202104,202117
476,20210421,2021-04-21,2021,4,21,Wednesday,111,4,17,April,202104,202117
477,20210422,2021-04-22,2021,4,22,Thursday,112,4,17,April,202104,202117
478,20210423,2021-04-23,2021,4,23,Friday,113,4,17,April,202104,202117
479,20210424,2021-04-24,2021,4,24,Saturday,114,4,17,April,202104,202117
480,20210425,2021-04-25,2021,4,25,Sunday,115,5,18,April,202104,202118
481,20210426,2021-04-26,2021,4,26,Monday,116,5,18,April,202104,202118
482,20210427,2021-04-27,2021,4,27,Tuesday,117,5,18,April,202104,202118
483,20210428,2021-04-28,2021,4,28,Wednesday,118,5,18,April,202104,202118
484,20210429,2021-04-29,2021,4,29,Thursday,119,5,18,April,202104,202118
485,20210430,2021-04-30,2021,4,30,Friday,120,5,18,April,202104,202118
486,20210501,2021-05-01,2021,5,1,Saturday,121,1,18,May,202105,202118
487,20210502,2021-05-02,2021,5,2,Sunday,122,2,19,May,202105,202119
488,20210503,2021-05-03,2021,5,3,Monday,123,2,19,May,202105,202119
489,20210504,2021-05-04,2021,5,4,Tuesday,124,2,19,May,202105,202119
490,20210505,2021-05-05,2021,5,5,Wednesday,125,2,19,May,202105,202119
491,20210506,2021-05-06,2021,5,6,Thursday,126,2,19,May,202105,202119
492,20210507,2021-05-07,2021,5,7,Friday,127,2,19,May,202105,202119
493,20210508,2021-05-08,2021,5,8,Saturday,128,2,19,May,202105,202119
494,20210509,2021-05-09,2021,5,9,Sunday,129,3,20,May,202105,202120
495,20210510,2021-05-10,2021,5,10,Monday,130,3,20,May,202105,202120
496,20210511,2021-05-11,2021,5,11,Tuesday,131,3,20,May,202105,202120
497,20210512,2021-05-12,2021,5,12,Wednesday,132,3,20,May,202105,202120
498,20210513,2021-05-13,2021,5,13,Thursday,133,3,20,May,202105,202120
499,20210514,2021-05-14,2021,5,14,Friday,134,3,20,May,202105,202120
500,20210515,2021-05-15,2021,5,15,Saturday,135,3,20,May,202105,202120
501,20210516,2021-05-16,2021,5,16,Sunday,136,4,21,May,202105,202121
502,20210517,2021-05-17,2021,5,17,Monday,137,4,21,May,202105,202121
503,20210518,2021-05-18,2021,5,18,Tuesday,138,4,21,May,202105,202121
504,20210519,2021-05-19,2021,5,19,Wednesday,139,4,21,May,202105,202121
505,20210520,2021-05-20,2021,5,20,Thursday,140,4,21,May,202105,202121
506,20210521,2021-05-21,2021,5,21,Friday,141,4,21,May,202105,202121
507,20210522,2021-05-22,2021,5,22,Saturday,142,4,21,May,202105,202121
508,20210523,2021-05-23,2021,5,23,Sunday,143,5,22,May,202105,202122
509,20210524,2021-05-24,2021,5,24,Monday,144,5,22,May,202105,202122
510,20210525,2021-05-25,2021,5,25,Tuesday,145,5,22,May,202105,202122
511,20210526,2021-05-26,2021,5,26,Wednesday,146,5,22,May,202105,202122
512,20210527,2021-05-27,2021,5,27,Thursday,147,5,22,May,202105,202122
513,20210528,2021-05-28,2021,5,28,Friday,148,5,22,May,202105,202122
514,20210529,2021-05-29,2021,5,29,Saturday,149,5,22,May,202105,202122
515,20210530,2021-05-30,2021,5,30,Sunday,150,6,23,May,202105,202123
516,20210531,2021-05-31,2021,5,31,Monday,151,6,23,May,202105,202123
517,20210601,2021-06-01,2021,6,1,Tuesday,152,1,23,June,202106,202123
518,20210602,2021-06-02,2021,6,2,Wednesday,153,1,23,June,202106,202123
519,20210603,2021-06-03,2021,6,3,Thursday,154,1,23,June,202106,202123
520,20210604,2021-06-04,2021,6,4,Friday,155,1,23,June,202106,202123
521,20210605,2021-06-05,2021,6,5,Saturday,156,1,23,June,202106,202123
522,20210606,2021-06-06,2021,6,6,Sunday,157,2,24,June,202106,202124
523,20210607,2021-06-07,2021,6,7,Monday,158,2,24,June,202106,202124
524,20210608,2021-06-08,2021,6,8,Tuesday,159,2,24,June,202106,202124
525,20210609,2021-06-09,2021,6,9,Wednesday,160,2,24,June,202106,202124
526,20210610,2021-06-10,2021,6,10,Thursday,161,2,24,June,202106,202124
527,20210611,2021-06-11,2021,6,11,Friday,162,2,24,June,202106,202124
528,20210612,2021-06-12,2021,6,12,Saturday,163,2,24,June,202106,202124
529,20210613,2021-06-13,2021,6,13,Sunday,164,3,25,June,202106,202125
530,20210614,2021-06-14,2021,6,14,Monday,165,3,25,June,202106,202125
531,20210615,2021-06-15,2021,6,15,Tuesday,166,3,25,June,202106,202125
532,20210616,2021-06-16,2021,6,16,Wednesday,167,3,25,June,202106,202125
533,20210617,2021-06-17,2021,6,17,Thursday,168,3,25,June,202106,202125
534,20210618,2021-06-18,2021,6,18,Friday,169,3,25,June,202106,202125
535,20210619,2021-06-19,2021,6,19,Saturday,170,3,25,June,202106,202125
536,20210620,2021-06-20,2021,6,20,Sunday,171,4,26,June,202106,202126
537,20210621,2021-06-21,2021,6,21,Monday,172,4,26,June,202106,202126
538,20210622,2021-06-22,2021,6,22,Tuesday,173,4,26,June,202106,202126
539,20210623,2021-06-23,2021,6,23,Wednesday,174,4,26,June,202106,202126
540,20210624,2021-06-24,2021,6,24,Thursday,175,4,26,June,202106,202126
541,20210625,2021-06-25,2021,6,25,Friday,176,4,26,June,202106,202126
542,20210626,2021-06-26,2021,6,26,Saturday,177,4,26,June,202106,202126
543,20210627,2021-06-27,2021,6,27,Sunday,178,5,27,June,202106,202127
544,20210628,2021-06-28,2021,6,28,Monday,179,5,27,June,202106,202127
545,20210629,2021-06-29,2021,6,29,Tuesday,180,5,27,June,202106,202127
546,20210630,2021-06-30,2021,6,30,Wednesday,181,5,27,June,202106,202127
547,20210701,2021-07-01,2021,7,1,Thursday,182,1,27,July,202107,202127
548,20210702,2021-07-02,2021,7,2,Friday,183,1,27,July,202107,202127
549,20210703,2021-07-03,2021,7,3,Saturday,184,1,27,July,202107,202127
550,20210704,2021-07-04,2021,7,4,Sunday,185,2,28,July,202107,202128
551,20210705,2021-07-05,2021,7,5,Monday,186,2,28,July,202107,202128
552,20210706,2021-07-06,2021,7,6,Tuesday,187,2,28,July,202107,202128
553,20210707,2021-07-07,2021,7,7,Wednesday,188,2,28,July,202107,202128
554,20210708,2021-07-08,2021,7,8,Thursday,189,2,28,July,202107,202128
555,20210709,2021-07-09,2021,7,9,Friday,190,2,28,July,202107,202128
556,20210710,2021-07-10,2021,7,10,Saturday,191,2,28,July,202107,202128
557,20210711,2021-07-11,2021,7,11,Sunday,192,3,29,July,202107,202129
558,20210712,2021-07-12,2021,7,12,Monday,193,3,29,July,202107,202129
559,20210713,2021-07-13,2021,7,13,Tuesday,194,3,29,July,202107,202129
560,20210714,2021-07-14,2021,7,14,Wednesday,195,3,29,July,202107,202129
561,20210715,2021-07-15,2021,7,15,Thursday,196,3,29,July,202107,202129
562,20210716,2021-07-16,2021,7,16,Friday,197,3,29,July,202107,202129
563,20210717,2021-07-17,2021,7,17,Saturday,198,3,29,July,202107,202129
564,20210718,2021-07-18,2021,7,18,Sunday,199,4,30,July,202107,202130
565,20210719,2021-07-19,2021,7,19,Monday,200,4,30,July,202107,202130
566,20210720,2021-07-20,2021,7,20,Tuesday,201,4,30,July,202107,202130
567,20210721,2021-07-21,2021,7,21,Wednesday,202,4,30,July,202107,202130
568,20210722,2021-07-22,2021,7,22,Thursday,203,4,30,July,202107,202130
569,20210723,2021-07-23,2021,7,23,Friday,204,4,30,July,202107,202130
570,20210724,2021-07-24,2021,7,24,Saturday,205,4,30,July,202107,202130
571,20210725,2021-07-25,2021,7,25,Sunday,206,5,31,July,202107,202131
572,20210726,2021-07-26,2021,7,26,Monday,207,5,31,July,202107,202131
573,20210727,2021-07-27,2021,7,27,Tuesday,208,5,31,July,202107,202131
574,20210728,2021-07-28,2021,7,28,Wednesday,209,5,31,July,202107,202131
575,20210729,2021-07-29,2021,7,29,Thursday,210,5,31,July,202107,202131
576,20210730,2021-07-30,2021,7,30,Friday,211,5,31,July,202107,202131
577,20210731,2021-07-31,2021,7,31,Saturday,212,5,31,July,202107,202131
578,20210801,2021-08-01,2021,8,1,Sunday,213,1,32,August,202108,202132
579,20210802,2021-08-02,2021,8,2,Monday,214,1,32,August,202108,202132
580,20210803,2021-08-03,2021,8,3,Tuesday,215,1,32,August,202108,202132
581,20210804,2021-08-04,2021,8,4,Wednesday,216,1,32,August,202108,202132
582,20210805,2021-08-05,2021,8,5,Thursday,217,1,32,August,202108,202132
583,20210806,2021-08-06,2021,8,6,Friday,218,1,32,August,202108,202132
584,20210807,2021-08-07,2021,8,7,Saturday,219,1,32,August,202108,202132
585,20210808,2021-08-08,2021,8,8,Sunday,220,2,33,August,202108,202133
586,20210809,2021-08-09,2021,8,9,Monday,221,2,33,August,202108,202133
587,20210810,2021-08-10,2021,8,10,Tuesday,222,2,33,August,202108,202133
588,20210811,2021-08-11,2021,8,11,Wednesday,223,2,33,August,202108,202133
589,20210812,2021-08-12,2021,8,12,Thursday,224,2,33,August,202108,202133
590,20210813,2021-08-13,2021,8,13,Friday,225,2,33,August,202108,202133
591,20210814,2021-08-14,2021,8,14,Saturday,226,2,33,August,202108,202133
592,20210815,2021-08-15,2021,8,15,Sunday,227,3,34,August,202108,202134
593,20210816,2021-08-16,2021,8,16,Monday,228,3,34,August,202108,202134
594,20210817,2021-08-17,2021,8,17,Tuesday,229,3,34,August,202108,202134
595,20210818,2021-08-18,2021,8,18,Wednesday,230,3,34,August,202108,202134
596,20210819,2021-08-19,2021,8,19,Thursday,231,3,34,August,202108,202134
597,20210820,2021-08-20,2021,8,20,Friday,232,3,34,August,202108,202134
598,20210821,2021-08-21,2021,8,21,Saturday,233,3,34,August,202108,202134
599,20210822,2021-08-22,2021,8,22,Sunday,234,4,35,August,202108,202135
600,20210823,2021-08-23,2021,8,23,Monday,235,4,35,August,202108,202135
601,20210824,2021-08-24,2021,8,24,Tuesday,236,4,35,August,202108,202135
602,20210825,2021-08-25,2021,8,25,Wednesday,237,4,35,August,202108,202135
603,20210826,2021-08-26,2021,8,26,Thursday,238,4,35,August,202108,202135
604,20210827,2021-08-27,2021,8,27,Friday,239,4,35,August,202108,202135
605,20210828,2021-08-28,2021,8,28,Saturday,240,4,35,August,202108,202135
606,20210829,2021-08-29,2021,8,29,Sunday,241,5,36,August,202108,202136
607,20210830,2021-08-30,2021,8,30,Monday,242,5,36,August,202108,202136
608,20210831,2021-08-31,2021,8,31,Tuesday,243,5,36,August,202108,202136
609,20210901,2021-09-01,2021,9,1,Wednesday,244,1,36,September,202109,202136
610,20210902,2021-09-02,2021,9,2,Thursday,245,1,36,September,202109,202136
611,20210903,2021-09-03,2021,9,3,Friday,246,1,36,September,202109,202136
612,20210904,2021-09-04,2021,9,4,Saturday,247,1,36,September,202109,202136
613,20210905,2021-09-05,2021,9,5,Sunday,248,2,37,September,202109,202137
614,20210906,2021-09-06,2021,9,6,Monday,249,2,37,September,202109,202137
615,20210907,2021-09-07,2021,9,7,Tuesday,250,2,37,September,202109,202137
616,20210908,2021-09-08,2021,9,8,Wednesday,251,2,37,September,202109,202137
617,20210909,2021-09-09,2021,9,9,Thursday,252,2,37,September,202109,202137
618,20210910,2021-09-10,2021,9,10,Friday,253,2,37,September,202109,202137
619,20210911,2021-09-11,2021,9,11,Saturday,254,2,37,September,202109,202137
620,20210912,2021-09-12,2021,9,12,Sunday,255,3,38,September,202109,202138
621,20210913,2021-09-13,2021,9,13,Monday,256,3,38,September,202109,202138
622,20210914,2021-09-14,2021,9,14,Tuesday,257,3,38,September,202109,202138
623,20210915,2021-09-15,2021,9,15,Wednesday,258,3,38,September,202109,202138
624,20210916,2021-09-16,2021,9,16,Thursday,259,3,38,September,202109,202138
625,20210917,2021-09-17,2021,9,17,Friday,260,3,38,September,202109,202138
626,20210918,2021-09-18,2021,9,18,Saturday,261,3,38,September,202109,202138
627,20210919,2021-09-19,2021,9,19,Sunday,262,4,39,September,202109,202139
628,20210920,2021-09-20,2021,9,20,Monday,263,4,39,September,202109,202139
629,20210921,2021-09-21,2021,9,21,Tuesday,264,4,39,September,202109,202139
630,20210922,2021-09-22,2021,9,22,Wednesday,265,4,39,September,202109,202139
631,20210923,2021-09-23,2021,9,23,Thursday,266,4,39,September,202109,202139
632,20210924,2021-09-24,2021,9,24,Friday,267,4,39,September,202109,202139
633,20210925,2021-09-25,2021,9,25,Saturday,268,4,39,September,202109,202139
634,20210926,2021-09-26,2021,9,26,Sunday,269,5,40,September,202109,202140
635,20210927,2021-09-27,2021,9,27,Monday,270,5,40,September,202109,202140
636,20210928,2021-09-28,2021,9,28,Tuesday,271,5,40,September,202109,202140
637,20210929,2021-09-29,2021,9,29,Wednesday,272,5,40,September,202109,202140
638,20210930,2021-09-30,2021,9,30,Thursday,273,5,40,September,202109,202140
639,20211001,2021-10-01,2021,10,1,Friday,274,1,40,October,202110,202140
640,20211002,2021-10-02,2021,10,2,Saturday,275,1,40,October,202110,202140
641,20211003,2021-10-03,2021,10,3,Sunday,276,2,41,October,202110,202141
642,20211004,2021-10-04,2021,10,4,Monday,277,2,41,October,202110,202141
643,20211005,2021-10-05,2021,10,5,Tuesday,278,2,41,October,202110,202141
644,20211006,2021-10-06,2021,10,6,Wednesday,279,2,41,October,202110,202141
645,20211007,2021-10-07,2021,10,7,Thursday,280,2,41,October,202110,202141
646,20211008,2021-10-08,2021,10,8,Friday,281,2,41,October,202110,202141
647,20211009,2021-10-09,2021,10,9,Saturday,282,2,41,October,202110,202141
648,20211010,2021-10-10,2021,10,10,Sunday,283,3,42,October,202110,202142
649,20211011,2021-10-11,2021,10,11,Monday,284,3,42,October,202110,202142
650,20211012,2021-10-12,2021,10,12,Tuesday,285,3,42,October,202110,202142
651,20211013,2021-10-13,2021,10,13,Wednesday,286,3,42,October,202110,202142
652,20211014,2021-10-14,2021,10,14,Thursday,287,3,42,October,202110,202142
653,20211015,2021-10-15,2021,10,15,Friday,288,3,42,October,202110,202142
654,20211016,2021-10-16,2021,10,16,Saturday,289,3,42,October,202110,202142
655,20211017,2021-10-17,2021,10,17,Sunday,290,4,43,October,202110,202143
656,20211018,2021-10-18,2021,10,18,Monday,291,4,43,October,202110,202143
657,20211019,2021-10-19,2021,10,19,Tuesday,292,4,43,October,202110,202143
658,20211020,2021-10-20,2021,10,20,Wednesday,293,4,43,October,202110,202143
659,20211021,2021-10-21,2021,10,21,Thursday,294,4,43,October,202110,202143
660,20211022,2021-10-22,2021,10,22,Friday,295,4,43,October,202110,202143
661,20211023,2021-10-23,2021,10,23,Saturday,296,4,43,October,202110,202143
662,20211024,2021-10-24,2021,10,24,Sunday,297,5,44,October,202110,202144
663,20211025,2021-10-25,2021,10,25,Monday,298,5,44,October,202110,202144
664,20211026,2021-10-26,2021,10,26,Tuesday,299,5,44,October,202110,202144
665,20211027,2021-10-27,2021,10,27,Wednesday,300,5,44,October,202110,202144
666,20211028,2021-10-28,2021,10,28,Thursday,301,5,44,October,202110,202144
667,20211029,2021-10-29,2021,10,29,Friday,302,5,44,October,202110,202144
668,20211030,2021-10-30,2021,10,30,Saturday,303,5,44,October,202110,202144
669,20211031,2021-10-31,2021,10,31,Sunday,304,6,45,October,202110,202145
670,20211101,2021-11-01,2021,11,1,Monday,305,1,45,November,202111,202145
671,20211102,2021-11-02,2021,11,2,Tuesday,306,1,45,November,202111,202145
672,20211103,2021-11-03,2021,11,3,Wednesday,307,1,45,November,202111,202145
673,20211104,2021-11-04,2021,11,4,Thursday,308,1,45,November,202111,202145
674,20211105,2021-11-05,2021,11,5,Friday,309,1,45,November,202111,202145
675,20211106,2021-11-06,2021,11,6,Saturday,310,1,45,November,202111,202145
676,20211107,2021-11-07,2021,11,7,Sunday,311,2,46,November,202111,202146
677,20211108,2021-11-08,2021,11,8,Monday,312,2,46,November,202111,202146
678,20211109,2021-11-09,2021,11,9,Tuesday,313,2,46,November,202111,202146
679,20211110,2021-11-10,2021,11,10,Wednesday,314,2,46,November,202111,202146
680,20211111,2021-11-11,2021,11,11,Thursday,315,2,46,November,202111,202146
681,20211112,2021-11-12,2021,11,12,Friday,316,2,46,November,202111,202146
682,20211113,2021-11-13,2021,11,13,Saturday,317,2,46,November,202111,202146
683,20211114,2021-11-14,2021,11,14,Sunday,318,3,47,November,202111,202147
684,20211115,2021-11-15,2021,11,15,Monday,319,3,47,November,202111,202147
685,20211116,2021-11-16,2021,11,16,Tuesday,320,3,47,November,202111,202147
686,20211117,2021-11-17,2021,11,17,Wednesday,321,3,47,November,202111,202147
687,20211118,2021-11-18,2021,11,18,Thursday,322,3,47,November,202111,202147
688,20211119,2021-11-19,2021,11,19,Friday,323,3,47,November,202111,202147
689,20211120,2021-11-20,2021,11,20,Saturday,324,3,47,November,202111,202147
690,20211121,2021-11-21,2021,11,21,Sunday,325,4,48,November,202111,202148
691,20211122,2021-11-22,2021,11,22,Monday,326,4,48,November,202111,202148
692,20211123,2021-11-23,2021,11,23,Tuesday,327,4,48,November,202111,202148
693,20211124,2021-11-24,2021,11,24,Wednesday,328,4,48,November,202111,202148
694,20211125,2021-11-25,2021,11,25,Thursday,329,4,48,November,202111,202148
695,20211126,2021-11-26,2021,11,26,Friday,330,4,48,November,202111,202148
696,20211127,2021-11-27,2021,11,27,Saturday,331,4,48,November,202111,202148
697,20211128,2021-11-28,2021,11,28,Sunday,332,5,49,November,202111,202149
698,20211129,2021-11-29,2021,11,29,Monday,333,5,49,November,202111,202149
699,20211130,2021-11-30,2021,11,30,Tuesday,334,5,49,November,202111,202149
700,20211201,2021-12-01,2021,12,1,Wednesday,335,1,49,December,202112,202149
701,20211202,2021-12-02,2021,12,2,Thursday,336,1,49,December,202112,202149
702,20211203,2021-12-03,2021,12,3,Friday,337,1,49,December,202112,202149
703,20211204,2021-12-04,2021,12,4,Saturday,338,1,49,December,202112,202149
704,20211205,2021-12-05,2021,12,5,Sunday,339,2,50,December,202112,202150
705,20211206,2021-12-06,2021,12,6,Monday,340,2,50,December,202112,202150
706,20211207,2021-12-07,2021,12,7,Tuesday,341,2,50,December,202112,202150
707,20211208,2021-12-08,2021,12,8,Wednesday,342,2,50,December,202112,202150
708,20211209,2021-12-09,2021,12,9,Thursday,343,2,50,December,202112,202150
709,20211210,2021-12-10,2021,12,10,Friday,344,2,50,December,202112,202150
710,20211211,2021-12-11,2021,12,11,Saturday,345,2,50,December,202112,202150
711,20211212,2021-12-12,2021,12,12,Sunday,346,3,51,December,202112,202151
712,20211213,2021-12-13,2021,12,13,Monday,347,3,51,December,202112,202151
713,20211214,2021-12-14,2021,12,14,Tuesday,348,3,51,December,202112,202151
714,20211215,2021-12-15,2021,12,15,Wednesday,349,3,51,December,202112,202151
715,20211216,2021-12-16,2021,12,16,Thursday,350,3,51,December,202112,202151
716,20211217,2021-12-17,2021,12,17,Friday,351,3,51,December,202112,202151
717,20211218,2021-12-18,2021,12,18,Saturday,352,3,51,December,202112,202151
718,20211219,2021-12-19,2021,12,19,Sunday,353,4,52,December,202112,202152
719,20211220,2021-12-20,2021,12,20,Monday,354,4,52,December,202112,202152
720,20211221,2021-12-21,2021,12,21,Tuesday,355,4,52,December,202112,202152
721,20211222,2021-12-22,2021,12,22,Wednesday,356,4,52,December,202112,202152
722,20211223,2021-12-23,2021,12,23,Thursday,357,4,52,December,202112,202152
723,20211224,2021-12-24,2021,12,24,Friday,358,4,52,December,202112,202152
724,20211225,2021-12-25,2021,12,25,Saturday,359,4,52,December,202112,202152
725,20211226,2021-12-26,2021,12,26,Sunday,360,5,53,December,202112,202153
726,20211227,2021-12-27,2021,12,27,Monday,361,5,53,December,202112,202153
727,20211228,2021-12-28,2021,12,28,Tuesday,362,5,53,December,202112,202153
728,20211229,2021-12-29,2021,12,29,Wednesday,363,5,53,December,202112,202153
729,20211230,2021-12-30,2021,12,30,Thursday,364,5,53,December,202112,202153
730,20211231,2021-12-31,2021,12,31,Friday,365,5,53,December,202112,202153
731,20220101,2022-01-01,2022,1,1,Saturday,1,1,1,January,202201,202201
732,20220102,2022-01-02,2022,1,2,Sunday,2,2,2,January,202201,202202
733,20220103,2022-01-03,2022,1,3,Monday,3,2,2,January,202201,202202
734,20220104,2022-01-04,2022,1,4,Tuesday,4,2,2,January,202201,202202
735,20220105,2022-01-05,2022,1,5,Wednesday,5,2,2,January,202201,202202
736,20220106,2022-01-06,2022,1,6,Thursday,6,2,2,January,202201,202202
737,20220107,2022-01-07,2022,1,7,Friday,7,2,2,January,202201,202202
738,20220108,2022-01-08,2022,1,8,Saturday,8,2,2,January,202201,202202
739,20220109,2022-01-09,2022,1,9,Sunday,9,3,3,January,202201,202203
740,20220110,2022-01-10,2022,1,10,Monday,10,3,3,January,202201,202203
741,20220111,2022-01-11,2022,1,11,Tuesday,11,3,3,January,202201,202203
742,20220112,2022-01-12,2022,1,12,Wednesday,12,3,3,January,202201,202203
743,20220113,2022-01-13,2022,1,13,Thursday,13,3,3,January,202201,202203
744,20220114,2022-01-14,2022,1,14,Friday,14,3,3,January,202201,202203
745,20220115,2022-01-15,2022,1,15,Saturday,15,3,3,January,202201,202203
746,20220116,2022-01-16,2022,1,16,Sunday,16,4,4,January,202201,202204
747,20220117,2022-01-17,2022,1,17,Monday,17,4,4,January,202201,202204
748,20220118,2022-01-18,2022,1,18,Tuesday,18,4,4,January,202201,202204
749,20220119,2022-01-19,2022,1,19,Wednesday,19,4,4,January,202201,202204
750,20220120,2022-01-20,2022,1,20,Thursday,20,4,4,January,202201,202204
751,20220121,2022-01-21,2022,1,21,Friday,21,4,4,January,202201,202204
752,20220122,2022-01-22,2022,1,22,Saturday,22,4,4,January,202201,202204
753,20220123,2022-01-23,2022,1,23,Sunday,23,5,5,January,202201,202205
754,20220124,2022-01-24,2022,1,24,Monday,24,5,5,January,202201,202205
755,20220125,2022-01-25,2022,1,25,Tuesday,25,5,5,January,202201,202205
756,20220126,2022-01-26,2022,1,26,Wednesday,26,5,5,January,202201,202205
757,20220127,2022-01-27,2022,1,27,Thursday,27,5,5,January,202201,202205
758,20220128,2022-01-28,2022,1,28,Friday,28,5,5,January,202201,202205
759,20220129,2022-01-29,2022,1,29,Saturday,29,5,5,January,202201,202205
760,20220130,2022-01-30,2022,1,30,Sunday,30,6,6,January,202201,202206
761,20220131,2022-01-31,2022,1,31,Monday,31,6,6,January,202201,202206
762,20220201,2022-02-01,2022,2,1,Tuesday,32,1,6,February,202202,202206
763,20220202,2022-02-02,2022,2,2,Wednesday,33,1,6,February,202202,202206
764,20220203,2022-02-03,2022,2,3,Thursday,34,1,6,February,202202,202206
765,20220204,2022-02-04,2022,2,4,Friday,35,1,6,February,202202,202206
766,20220205,2022-02-05,2022,2,5,Saturday,36,1,6,February,202202,202206
767,20220206,2022-02-06,2022,2,6,Sunday,37,2,7,February,202202,202207
768,20220207,2022-02-07,2022,2,7,Monday,38,2,7,February,202202,202207
769,20220208,2022-02-08,2022,2,8,Tuesday,39,2,7,February,202202,202207
770,20220209,2022-02-09,2022,2,9,Wednesday,40,2,7,February,202202,202207
771,20220210,2022-02-10,2022,2,10,Thursday,41,2,7,February,202202,202207
772,20220211,2022-02-11,2022,2,11,Friday,42,2,7,February,202202,202207
773,20220212,2022-02-12,2022,2,12,Saturday,43,2,7,February,202202,202207
774,20220213,2022-02-13,2022,2,13,Sunday,44,3,8,February,202202,202208
775,20220214,2022-02-14,2022,2,14,Monday,45,3,8,February,202202,202208
776,20220215,2022-02-15,2022,2,15,Tuesday,46,3,8,February,202202,202208
777,20220216,2022-02-16,2022,2,16,Wednesday,47,3,8,February,202202,202208
778,20220217,2022-02-17,2022,2,17,Thursday,48,3,8,February,202202,202208
779,20220218,2022-02-18,2022,2,18,Friday,49,3,8,February,202202,202208
780,20220219,2022-02-19,2022,2,19,Saturday,50,3,8,February,202202,202208
781,20220220,2022-02-20,2022,2,20,Sunday,51,4,9,February,202202,202209
782,20220221,2022-02-21,2022,2,21,Monday,52,4,9,February,202202,202209
783,20220222,2022-02-22,2022,2,22,Tuesday,53,4,9,February,202202,202209
784,20220223,2022-02-23,2022,2,23,Wednesday,54,4,9,February,202202,202209
785,20220224,2022-02-24,2022,2,24,Thursday,55,4,9,February,202202,202209
786,20220225,2022-02-25,2022,2,25,Friday,56,4,9,February,202202,202209
787,20220226,2022-02-26,2022,2,26,Saturday,57,4,9,February,202202,202209
788,20220227,2022-02-27,2022,2,27,Sunday,58,5,10,February,202202,202210
789,20220228,2022-02-28,2022,2,28,Monday,59,5,10,February,202202,202210
790,20220301,2022-03-01,2022,3,1,Tuesday,60,1,10,March,202203,202210
791,20220302,2022-03-02,2022,3,2,Wednesday,61,1,10,March,202203,202210
792,20220303,2022-03-03,2022,3,3,Thursday,62,1,10,March,202203,202210
793,20220304,2022-03-04,2022,3,4,Friday,63,1,10,March,202203,202210
794,20220305,2022-03-05,2022,3,5,Saturday,64,1,10,March,202203,202210
795,20220306,2022-03-06,2022,3,6,Sunday,65,2,11,March,202203,202211
796,20220307,2022-03-07,2022,3,7,Monday,66,2,11,March,202203,202211
797,20220308,2022-03-08,2022,3,8,Tuesday,67,2,11,March,202203,202211
798,20220309,2022-03-09,2022,3,9,Wednesday,68,2,11,March,202203,202211
799,20220310,2022-03-10,2022,3,10,Thursday,69,2,11,March,202203,202211
800,20220311,2022-03-11,2022,3,11,Friday,70,2,11,March,202203,202211
801,20220312,2022-03-12,2022,3,12,Saturday,71,2,11,March,202203,202211
802,20220313,2022-03-13,2022,3,13,Sunday,72,3,12,March,202203,202212
803,20220314,2022-03-14,2022,3,14,Monday,73,3,12,March,202203,202212
804,20220315,2022-03-15,2022,3,15,Tuesday,74,3,12,March,202203,202212
805,20220316,2022-03-16,2022,3,16,Wednesday,75,3,12,March,202203,202212
806,20220317,2022-03-17,2022,3,17,Thursday,76,3,12,March,202203,202212
807,20220318,2022-03-18,2022,3,18,Friday,77,3,12,March,202203,202212
808,20220319,2022-03-19,2022,3,19,Saturday,78,3,12,March,202203,202212
809,20220320,2022-03-20,2022,3,20,Sunday,79,4,13,March,202203,202213
810,20220321,2022-03-21,2022,3,21,Monday,80,4,13,March,202203,202213
811,20220322,2022-03-22,2022,3,22,Tuesday,81,4,13,March,202203,202213
812,20220323,2022-03-23,2022,3,23,Wednesday,82,4,13,March,202203,202213
813,20220324,2022-03-24,2022,3,24,Thursday,83,4,13,March,202203,202213
814,20220325,2022-03-25,2022,3,25,Friday,84,4,13,March,202203,202213
815,20220326,2022-03-26,2022,3,26,Saturday,85,4,13,March,202203,202213
816,20220327,2022-03-27,2022,3,27,Sunday,86,5,14,March,202203,202214
817,20220328,2022-03-28,2022,3,28,Monday,87,5,14,March,202203,202214
818,20220329,2022-03-29,2022,3,29,Tuesday,88,5,14,March,202203,202214
819,20220330,2022-03-30,2022,3,30,Wednesday,89,5,14,March,202203,202214
820,20220331,2022-03-31,2022,3,31,Thursday,90,5,14,March,202203,202214
821,20220401,2022-04-01,2022,4,1,Friday,91,1,14,April,202204,202214
822,20220402,2022-04-02,2022,4,2,Saturday,92,1,14,April,202204,202214
823,20220403,2022-04-03,2022,4,3,Sunday,93,2,15,April,202204,202215
824,20220404,2022-04-04,2022,4,4,Monday,94,2,15,April,202204,202215
825,20220405,2022-04-05,2022,4,5,Tuesday,95,2,15,April,202204,202215
826,20220406,2022-04-06,2022,4,6,Wednesday,96,2,15,April,202204,202215
827,20220407,2022-04-07,2022,4,7,Thursday,97,2,15,April,202204,202215
828,20220408,2022-04-08,2022,4,8,Friday,98,2,15,April,202204,202215
829,20220409,2022-04-09,2022,4,9,Saturday,99,2,15,April,202204,202215
830,20220410,2022-04-10,2022,4,10,Sunday,100,3,16,April,202204,202216
831,20220411,2022-04-11,2022,4,11,Monday,101,3,16,April,202204,202216
832,20220412,2022-04-12,2022,4,12,Tuesday,102,3,16,April,202204,202216
833,20220413,2022-04-13,2022,4,13,Wednesday,103,3,16,April,202204,202216
834,20220414,2022-04-14,2022,4,14,Thursday,104,3,16,April,202204,202216
835,20220415,2022-04-15,2022,4,15,Friday,105,3,16,April,202204,202216
836,20220416,2022-04-16,2022,4,16,Saturday,106,3,16,April,202204,202216
837,20220417,2022-04-17,2022,4,17,Sunday,107,4,17,April,202204,202217
838,20220418,2022-04-18,2022,4,18,Monday,108,4,17,April,202204,202217
839,20220419,2022-04-19,2022,4,19,Tuesday,109,4,17,April,202204,202217
840,20220420,2022-04-20,2022,4,20,Wednesday,110,4,17,April,202204,202217
841,20220421,2022-04-21,2022,4,21,Thursday,111,4,17,April,202204,202217
842,20220422,2022-04-22,2022,4,22,Friday,112,4,17,April,202204,202217
843,20220423,2022-04-23,2022,4,23,Saturday,113,4,17,April,202204,202217
844,20220424,2022-04-24,2022,4,24,Sunday,114,5,18,April,202204,202218
845,20220425,2022-04-25,2022,4,25,Monday,115,5,18,April,202204,202218
846,20220426,2022-04-26,2022,4,26,Tuesday,116,5,18,April,202204,202218
847,20220427,2022-04-27,2022,4,27,Wednesday,117,5,18,April,202204,202218
848,20220428,2022-04-28,2022,4,28,Thursday,118,5,18,April,202204,202218
849,20220429,2022-04-29,2022,4,29,Friday,119,5,18,April,202204,202218
850,20220430,2022-04-30,2022,4,30,Saturday,120,5,18,April,202204,202218
851,20220501,2022-05-01,2022,5,1,Sunday,121,1,19,May,202205,202219
852,20220502,2022-05-02,2022,5,2,Monday,122,1,19,May,202205,202219
853,20220503,2022-05-03,2022,5,3,Tuesday,123,1,19,May,202205,202219
854,20220504,2022-05-04,2022,5,4,Wednesday,124,1,19,May,202205,202219
855,20220505,2022-05-05,2022,5,5,Thursday,125,1,19,May,202205,202219
856,20220506,2022-05-06,2022,5,6,Friday,126,1,19,May,202205,202219
857,20220507,2022-05-07,2022,5,7,Saturday,127,1,19,May,202205,202219
858,20220508,2022-05-08,2022,5,8,Sunday,128,2,20,May,202205,202220
859,20220509,2022-05-09,2022,5,9,Monday,129,2,20,May,202205,202220
860,20220510,2022-05-10,2022,5,10,Tuesday,130,2,20,May,202205,202220
861,20220511,2022-05-11,2022,5,11,Wednesday,131,2,20,May,202205,202220
862,20220512,2022-05-12,2022,5,12,Thursday,132,2,20,May,202205,202220
863,20220513,2022-05-13,2022,5,13,Friday,133,2,20,May,202205,202220
864,20220514,2022-05-14,2022,5,14,Saturday,134,2,20,May,202205,202220
865,20220515,2022-05-15,2022,5,15,Sunday,135,3,21,May,202205,202221
866,20220516,2022-05-16,2022,5,16,Monday,136,3,21,May,202205,202221
867,20220517,2022-05-17,2022,5,17,Tuesday,137,3,21,May,202205,202221
868,20220518,2022-05-18,2022,5,18,Wednesday,138,3,21,May,202205,202221
869,20220519,2022-05-19,2022,5,19,Thursday,139,3,21,May,202205,202221
870,20220520,2022-05-20,2022,5,20,Friday,140,3,21,May,202205,202221
871,20220521,2022-05-21,2022,5,21,Saturday,141,3,21,May,202205,202221
872,20220522,2022-05-22,2022,5,22,Sunday,142,4,22,May,202205,202222
873,20220523,2022-05-23,2022,5,23,Monday,143,4,22,May,202205,202222
874,20220524,2022-05-24,2022,5,24,Tuesday,144,4,22,May,202205,202222
875,20220525,2022-05-25,2022,5,25,Wednesday,145,4,22,May,202205,202222
876,20220526,2022-05-26,2022,5,26,Thursday,146,4,22,May,202205,202222
877,20220527,2022-05-27,2022,5,27,Friday,147,4,22,May,202205,202222
878,20220528,2022-05-28,2022,5,28,Saturday,148,4,22,May,202205,202222
879,20220529,2022-05-29,2022,5,29,Sunday,149,5,23,May,202205,202223
880,20220530,2022-05-30,2022,5,30,Monday,150,5,23,May,202205,202223
881,20220531,2022-05-31,2022,5,31,Tuesday,151,5,23,May,202205,202223
882,20220601,2022-06-01,2022,6,1,Wednesday,152,1,23,June,202206,202223
883,20220602,2022-06-02,2022,6,2,Thursday,153,1,23,June,202206,202223
884,20220603,2022-06-03,2022,6,3,Friday,154,1,23,June,202206,202223
885,20220604,2022-06-04,2022,6,4,Saturday,155,1,23,June,202206,202223
886,20220605,2022-06-05,2022,6,5,Sunday,156,2,24,June,202206,202224
887,20220606,2022-06-06,2022,6,6,Monday,157,2,24,June,202206,202224
888,20220607,2022-06-07,2022,6,7,Tuesday,158,2,24,June,202206,202224
889,20220608,2022-06-08,2022,6,8,Wednesday,159,2,24,June,202206,202224
890,20220609,2022-06-09,2022,6,9,Thursday,160,2,24,June,202206,202224
891,20220610,2022-06-10,2022,6,10,Friday,161,2,24,June,202206,202224
892,20220611,2022-06-11,2022,6,11,Saturday,162,2,24,June,202206,202224
893,20220612,2022-06-12,2022,6,12,Sunday,163,3,25,June,202206,202225
894,20220613,2022-06-13,2022,6,13,Monday,164,3,25,June,202206,202225
895,20220614,2022-06-14,2022,6,14,Tuesday,165,3,25,June,202206,202225
896,20220615,2022-06-15,2022,6,15,Wednesday,166,3,25,June,202206,202225
897,20220616,2022-06-16,2022,6,16,Thursday,167,3,25,June,202206,202225
898,20220617,2022-06-17,2022,6,17,Friday,168,3,25,June,202206,202225
899,20220618,2022-06-18,2022,6,18,Saturday,169,3,25,June,202206,202225
900,20220619,2022-06-19,2022,6,19,Sunday,170,4,26,June,202206,202226
901,20220620,2022-06-20,2022,6,20,Monday,171,4,26,June,202206,202226
902,20220621,2022-06-21,2022,6,21,Tuesday,172,4,26,June,202206,202226
903,20220622,2022-06-22,2022,6,22,Wednesday,173,4,26,June,202206,202226
904,20220623,2022-06-23,2022,6,23,Thursday,174,4,26,June,202206,202226
905,20220624,2022-06-24,2022,6,24,Friday,175,4,26,June,202206,202226
906,20220625,2022-06-25,2022,6,25,Saturday,176,4,26,June,202206,202226
907,20220626,2022-06-26,2022,6,26,Sunday,177,5,27,June,202206,202227
908,20220627,2022-06-27,2022,6,27,Monday,178,5,27,June,202206,202227
909,20220628,2022-06-28,2022,6,28,Tuesday,179,5,27,June,202206,202227
910,20220629,2022-06-29,2022,6,29,Wednesday,180,5,27,June,202206,202227
911,20220630,2022-06-30,2022,6,30,Thursday,181,5,27,June,202206,202227
912,20220701,2022-07-01,2022,7,1,Friday,182,1,27,July,202207,202227
913,20220702,2022-07-02,2022,7,2,Saturday,183,1,27,July,202207,202227
914,20220703,2022-07-03,2022,7,3,Sunday,184,2,28,July,202207,202228
915,20220704,2022-07-04,2022,7,4,Monday,185,2,28,July,202207,202228
916,20220705,2022-07-05,2022,7,5,Tuesday,186,2,28,July,202207,202228
917,20220706,2022-07-06,2022,7,6,Wednesday,187,2,28,July,202207,202228
918,20220707,2022-07-07,2022,7,7,Thursday,188,2,28,July,202207,202228
919,20220708,2022-07-08,2022,7,8,Friday,189,2,28,July,202207,202228
920,20220709,2022-07-09,2022,7,9,Saturday,190,2,28,July,202207,202228
921,20220710,2022-07-10,2022,7,10,Sunday,191,3,29,July,202207,202229
922,20220711,2022-07-11,2022,7,11,Monday,192,3,29,July,202207,202229
923,20220712,2022-07-12,2022,7,12,Tuesday,193,3,29,July,202207,202229
924,20220713,2022-07-13,2022,7,13,Wednesday,194,3,29,July,202207,202229
925,20220714,2022-07-14,2022,7,14,Thursday,195,3,29,July,202207,202229
926,20220715,2022-07-15,2022,7,15,Friday,196,3,29,July,202207,202229
927,20220716,2022-07-16,2022,7,16,Saturday,197,3,29,July,202207,202229
928,20220717,2022-07-17,2022,7,17,Sunday,198,4,30,July,202207,202230
929,20220718,2022-07-18,2022,7,18,Monday,199,4,30,July,202207,202230
930,20220719,2022-07-19,2022,7,19,Tuesday,200,4,30,July,202207,202230
931,20220720,2022-07-20,2022,7,20,Wednesday,201,4,30,July,202207,202230
932,20220721,2022-07-21,2022,7,21,Thursday,202,4,30,July,202207,202230
933,20220722,2022-07-22,2022,7,22,Friday,203,4,30,July,202207,202230
934,20220723,2022-07-23,2022,7,23,Saturday,204,4,30,July,202207,202230
935,20220724,2022-07-24,2022,7,24,Sunday,205,5,31,July,202207,202231
936,20220725,2022-07-25,2022,7,25,Monday,206,5,31,July,202207,202231
937,20220726,2022-07-26,2022,7,26,Tuesday,207,5,31,July,202207,202231
938,20220727,2022-07-27,2022,7,27,Wednesday,208,5,31,July,202207,202231
939,20220728,2022-07-28,2022,7,28,Thursday,209,5,31,July,202207,202231
940,20220729,2022-07-29,2022,7,29,Friday,210,5,31,July,202207,202231
941,20220730,2022-07-30,2022,7,30,Saturday,211,5,31,July,202207,202231
942,20220731,2022-07-31,2022,7,31,Sunday,212,6,32,July,202207,202232
943,20220801,2022-08-01,2022,8,1,Monday,213,1,32,August,202208,202232
944,20220802,2022-08-02,2022,8,2,Tuesday,214,1,32,August,202208,202232
945,20220803,2022-08-03,2022,8,3,Wednesday,215,1,32,August,202208,202232
946,20220804,2022-08-04,2022,8,4,Thursday,216,1,32,August,202208,202232
947,20220805,2022-08-05,2022,8,5,Friday,217,1,32,August,202208,202232
948,20220806,2022-08-06,2022,8,6,Saturday,218,1,32,August,202208,202232
949,20220807,2022-08-07,2022,8,7,Sunday,219,2,33,August,202208,202233
950,20220808,2022-08-08,2022,8,8,Monday,220,2,33,August,202208,202233
951,20220809,2022-08-09,2022,8,9,Tuesday,221,2,33,August,202208,202233
952,20220810,2022-08-10,2022,8,10,Wednesday,222,2,33,August,202208,202233
953,20220811,2022-08-11,2022,8,11,Thursday,223,2,33,August,202208,202233
954,20220812,2022-08-12,2022,8,12,Friday,224,2,33,August,202208,202233
955,20220813,2022-08-13,2022,8,13,Saturday,225,2,33,August,202208,202233
956,20220814,2022-08-14,2022,8,14,Sunday,226,3,34,August,202208,202234
957,20220815,2022-08-15,2022,8,15,Monday,227,3,34,August,202208,202234
958,20220816,2022-08-16,2022,8,16,Tuesday,228,3,34,August,202208,202234
959,20220817,2022-08-17,2022,8,17,Wednesday,229,3,34,August,202208,202234
960,20220818,2022-08-18,2022,8,18,Thursday,230,3,34,August,202208,202234
961,20220819,2022-08-19,2022,8,19,Friday,231,3,34,August,202208,202234
962,20220820,2022-08-20,2022,8,20,Saturday,232,3,34,August,202208,202234
963,20220821,2022-08-21,2022,8,21,Sunday,233,4,35,August,202208,202235
964,20220822,2022-08-22,2022,8,22,Monday,234,4,35,August,202208,202235
965,20220823,2022-08-23,2022,8,23,Tuesday,235,4,35,August,202208,202235
966,20220824,2022-08-24,2022,8,24,Wednesday,236,4,35,August,202208,202235
967,20220825,2022-08-25,2022,8,25,Thursday,237,4,35,August,202208,202235
968,20220826,2022-08-26,2022,8,26,Friday,238,4,35,August,202208,202235
969,20220827,2022-08-27,2022,8,27,Saturday,239,4,35,August,202208,202235
970,20220828,2022-08-28,2022,8,28,Sunday,240,5,36,August,202208,202236
971,20220829,2022-08-29,2022,8,29,Monday,241,5,36,August,202208,202236
972,20220830,2022-08-30,2022,8,30,Tuesday,242,5,36,August,202208,202236
973,20220831,2022-08-31,2022,8,31,Wednesday,243,5,36,August,202208,202236
974,20220901,2022-09-01,2022,9,1,Thursday,244,1,36,September,202209,202236
975,20220902,2022-09-02,2022,9,2,Friday,245,1,36,September,202209,202236
976,20220903,2022-09-03,2022,9,3,Saturday,246,1,36,September,202209,202236
977,20220904,2022-09-04,2022,9,4,Sunday,247,2,37,September,202209,202237
978,20220905,2022-09-05,2022,9,5,Monday,248,2,37,September,202209,202237
979,20220906,2022-09-06,2022,9,6,Tuesday,249,2,37,September,202209,202237
980,20220907,2022-09-07,2022,9,7,Wednesday,250,2,37,September,202209,202237
981,20220908,2022-09-08,2022,9,8,Thursday,251,2,37,September,202209,202237
982,20220909,2022-09-09,2022,9,9,Friday,252,2,37,September,202209,202237
983,20220910,2022-09-10,2022,9,10,Saturday,253,2,37,September,202209,202237
984,20220911,2022-09-11,2022,9,11,Sunday,254,3,38,September,202209,202238
985,20220912,2022-09-12,2022,9,12,Monday,255,3,38,September,202209,202238
986,20220913,2022-09-13,2022,9,13,Tuesday,256,3,38,September,202209,202238
987,20220914,2022-09-14,2022,9,14,Wednesday,257,3,38,September,202209,202238
988,20220915,2022-09-15,2022,9,15,Thursday,258,3,38,September,202209,202238
989,20220916,2022-09-16,2022,9,16,Friday,259,3,38,September,202209,202238
990,20220917,2022-09-17,2022,9,17,Saturday,260,3,38,September,202209,202238
991,20220918,2022-09-18,2022,9,18,Sunday,261,4,39,September,202209,202239
992,20220919,2022-09-19,2022,9,19,Monday,262,4,39,September,202209,202239
993,20220920,2022-09-20,2022,9,20,Tuesday,263,4,39,September,202209,202239
994,20220921,2022-09-21,2022,9,21,Wednesday,264,4,39,September,202209,202239
995,20220922,2022-09-22,2022,9,22,Thursday,265,4,39,September,202209,202239
996,20220923,2022-09-23,2022,9,23,Friday,266,4,39,September,202209,202239
997,20220924,2022-09-24,2022,9,24,Saturday,267,4,39,September,202209,202239
998,20220925,2022-09-25,2022,9,25,Sunday,268,5,40,September,202209,202240
999,20220926,2022-09-26,2022,9,26,Monday,269,5,40,September,202209,202240
1000,20220927,2022-09-27,2022,9,27,Tuesday,270,5,40,September,202209,202240
1001,20220928,2022-09-28,2022,9,28,Wednesday,271,5,40,September,202209,202240
1002,20220929,2022-09-29,2022,9,29,Thursday,272,5,40,September,202209,202240
1003,20220930,2022-09-30,2022,9,30,Friday,273,5,40,September,202209,202240
1004,20221001,2022-10-01,2022,10,1,Saturday,274,1,40,October,202210,202240
1005,20221002,2022-10-02,2022,10,2,Sunday,275,2,41,October,202210,202241
1006,20221003,2022-10-03,2022,10,3,Monday,276,2,41,October,202210,202241
1007,20221004,2022-10-04,2022,10,4,Tuesday,277,2,41,October,202210,202241
1008,20221005,2022-10-05,2022,10,5,Wednesday,278,2,41,October,202210,202241
1009,20221006,2022-10-06,2022,10,6,Thursday,279,2,41,October,202210,202241
1010,20221007,2022-10-07,2022,10,7,Friday,280,2,41,October,202210,202241
1011,20221008,2022-10-08,2022,10,8,Saturday,281,2,41,October,202210,202241
1012,20221009,2022-10-09,2022,10,9,Sunday,282,3,42,October,202210,202242
1013,20221010,2022-10-10,2022,10,10,Monday,283,3,42,October,202210,202242
1014,20221011,2022-10-11,2022,10,11,Tuesday,284,3,42,October,202210,202242
1015,20221012,2022-10-12,2022,10,12,Wednesday,285,3,42,October,202210,202242
1016,20221013,2022-10-13,2022,10,13,Thursday,286,3,42,October,202210,202242
1017,20221014,2022-10-14,2022,10,14,Friday,287,3,42,October,202210,202242
1018,20221015,2022-10-15,2022,10,15,Saturday,288,3,42,October,202210,202242
1019,20221016,2022-10-16,2022,10,16,Sunday,289,4,43,October,202210,202243
1020,20221017,2022-10-17,2022,10,17,Monday,290,4,43,October,202210,202243
1021,20221018,2022-10-18,2022,10,18,Tuesday,291,4,43,October,202210,202243
1022,20221019,2022-10-19,2022,10,19,Wednesday,292,4,43,October,202210,202243
1023,20221020,2022-10-20,2022,10,20,Thursday,293,4,43,October,202210,202243
1024,20221021,2022-10-21,2022,10,21,Friday,294,4,43,October,202210,202243
1025,20221022,2022-10-22,2022,10,22,Saturday,295,4,43,October,202210,202243
1026,20221023,2022-10-23,2022,10,23,Sunday,296,5,44,October,202210,202244
1027,20221024,2022-10-24,2022,10,24,Monday,297,5,44,October,202210,202244
1028,20221025,2022-10-25,2022,10,25,Tuesday,298,5,44,October,202210,202244
1029,20221026,2022-10-26,2022,10,26,Wednesday,299,5,44,October,202210,202244
1030,20221027,2022-10-27,2022,10,27,Thursday,300,5,44,October,202210,202244
1031,20221028,2022-10-28,2022,10,28,Friday,301,5,44,October,202210,202244
1032,20221029,2022-10-29,2022,10,29,Saturday,302,5,44,October,202210,202244
1033,20221030,2022-10-30,2022,10,30,Sunday,303,6,45,October,202210,202245
1034,20221031,2022-10-31,2022,10,31,Monday,304,6,45,October,202210,202245
1035,20221101,2022-11-01,2022,11,1,Tuesday,305,1,45,November,202211,202245
1036,20221102,2022-11-02,2022,11,2,Wednesday,306,1,45,November,202211,202245
1037,20221103,2022-11-03,2022,11,3,Thursday,307,1,45,November,202211,202245
1038,20221104,2022-11-04,2022,11,4,Friday,308,1,45,November,202211,202245
1039,20221105,2022-11-05,2022,11,5,Saturday,309,1,45,November,202211,202245
1040,20221106,2022-11-06,2022,11,6,Sunday,310,2,46,November,202211,202246
1041,20221107,2022-11-07,2022,11,7,Monday,311,2,46,November,202211,202246
1042,20221108,2022-11-08,2022,11,8,Tuesday,312,2,46,November,202211,202246
1043,20221109,2022-11-09,2022,11,9,Wednesday,313,2,46,November,202211,202246
1044,20221110,2022-11-10,2022,11,10,Thursday,314,2,46,November,202211,202246
1045,20221111,2022-11-11,2022,11,11,Friday,315,2,46,November,202211,202246
1046,20221112,2022-11-12,2022,11,12,Saturday,316,2,46,November,202211,202246
1047,20221113,2022-11-13,2022,11,13,Sunday,317,3,47,November,202211,202247
1048,20221114,2022-11-14,2022,11,14,Monday,318,3,47,November,202211,202247
1049,20221115,2022-11-15,2022,11,15,Tuesday,319,3,47,November,202211,202247
1050,20221116,2022-11-16,2022,11,16,Wednesday,320,3,47,November,202211,202247
1051,20221117,2022-11-17,2022,11,17,Thursday,321,3,47,November,202211,202247
1052,20221118,2022-11-18,2022,11,18,Friday,322,3,47,November,202211,202247
1053,20221119,2022-11-19,2022,11,19,Saturday,323,3,47,November,202211,202247
1054,20221120,2022-11-20,2022,11,20,Sunday,324,4,48,November,202211,202248
1055,20221121,2022-11-21,2022,11,21,Monday,325,4,48,November,202211,202248
1056,20221122,2022-11-22,2022,11,22,Tuesday,326,4,48,November,202211,202248
1057,20221123,2022-11-23,2022,11,23,Wednesday,327,4,48,November,202211,202248
1058,20221124,2022-11-24,2022,11,24,Thursday,328,4,48,November,202211,202248
1059,20221125,2022-11-25,2022,11,25,Friday,329,4,48,November,202211,202248
1060,20221126,2022-11-26,2022,11,26,Saturday,330,4,48,November,202211,202248
1061,20221127,2022-11-27,2022,11,27,Sunday,331,5,49,November,202211,202249
1062,20221128,2022-11-28,2022,11,28,Monday,332,5,49,November,202211,202249
1063,20221129,2022-11-29,2022,11,29,Tuesday,333,5,49,November,202211,202249
1064,20221130,2022-11-30,2022,11,30,Wednesday,334,5,49,November,202211,202249
1065,20221201,2022-12-01,2022,12,1,Thursday,335,1,49,December,202212,202249
1066,20221202,2022-12-02,2022,12,2,Friday,336,1,49,December,202212,202249
1067,20221203,2022-12-03,2022,12,3,Saturday,337,1,49,December,202212,202249
1068,20221204,2022-12-04,2022,12,4,Sunday,338,2,50,December,202212,202250
1069,20221205,2022-12-05,2022,12,5,Monday,339,2,50,December,202212,202250
1070,20221206,2022-12-06,2022,12,6,Tuesday,340,2,50,December,202212,202250
1071,20221207,2022-12-07,2022,12,7,Wednesday,341,2,50,December,202212,202250
1072,20221208,2022-12-08,2022,12,8,Thursday,342,2,50,December,202212,202250
1073,20221209,2022-12-09,2022,12,9,Friday,343,2,50,December,202212,202250
1074,20221210,2022-12-10,2022,12,10,Saturday,344,2,50,December,202212,202250
1075,20221211,2022-12-11,2022,12,11,Sunday,345,3,51,December,202212,202251
1076,20221212,2022-12-12,2022,12,12,Monday,346,3,51,December,202212,202251
1077,20221213,2022-12-13,2022,12,13,Tuesday,347,3,51,December,202212,202251
1078,20221214,2022-12-14,2022,12,14,Wednesday,348,3,51,December,202212,202251
1079,20221215,2022-12-15,2022,12,15,Thursday,349,3,51,December,202212,202251
1080,20221216,2022-12-16,2022,12,16,Friday,350,3,51,December,202212,202251
1081,20221217,2022-12-17,2022,12,17,Saturday,351,3,51,December,202212,202251
1082,20221218,2022-12-18,2022,12,18,Sunday,352,4,52,December,202212,202252
1083,20221219,2022-12-19,2022,12,19,Monday,353,4,52,December,202212,202252
1084,20221220,2022-12-20,2022,12,20,Tuesday,354,4,52,December,202212,202252
1085,20221221,2022-12-21,2022,12,21,Wednesday,355,4,52,December,202212,202252
1086,20221222,2022-12-22,2022,12,22,Thursday,356,4,52,December,202212,202252
1087,20221223,2022-12-23,2022,12,23,Friday,357,4,52,December,202212,202252
1088,20221224,2022-12-24,2022,12,24,Saturday,358,4,52,December,202212,202252
1089,20221225,2022-12-25,2022,12,25,Sunday,359,5,53,December,202212,202253
1090,20221226,2022-12-26,2022,12,26,Monday,360,5,53,December,202212,202253
1091,20221227,2022-12-27,2022,12,27,Tuesday,361,5,53,December,202212,202253
1092,20221228,2022-12-28,2022,12,28,Wednesday,362,5,53,December,202212,202253
1093,20221229,2022-12-29,2022,12,29,Thursday,363,5,53,December,202212,202253
1094,20221230,2022-12-30,2022,12,30,Friday,364,5,53,December,202212,202253
